date,type,maxpressurem,maxdewptm,maxpressurei,maxdewpti,since1julheatingdegreedaysnormal,heatingdegreedaysnormal,since1sepcoolingdegreedaysnormal,hail,since1julsnowfallm,since1julheatingdegreedays,maxvisi,since1sepheatingdegreedaysnormal,heatingdegreedays,mindewptm,since1sepheatingdegreedays,maxwspdm,since1julsnowfalli,since1sepcoolingdegreedays,snow,meanvism,meandewptm,snowdepthm,meanvisi,fog,snowdepthi,minvism,since1jancoolingdegreedays,minvisi,coolingdegreedaysnormal,gdegreedays,maxwspdi,meanwindspdi,meanpressurei,monthtodateheatingdegreedaysnormal,meanwindspdm,meanpressurem,tornado,mindewpti,mintempi,meandewpti,rain,mintempm,minhumidity,precipsource,minwspdi,meanwdird,meanwdire,minwspdm,monthtodatesnowfalli,monthtodatecoolingdegreedaysnormal,monthtodatesnowfallm,maxhumidity,coolingdegreedays,maxtempm,minpressurei,monthtodatecoolingdegreedays,maxtempi,minpressurem,humidity,precipi,snowfalli,since1jancoolingdegreedaysnormal,precipm,snowfallm,thunder,monthtodateheatingdegreedays,meantempi,maxvism,meantempm,
20170101,daily,1012,26,29.89,79,NaN,NaN,NaN,0,NaN,NaN,6.2,NaN,0,19,NaN,17,NaN,NaN,0,9.5,22,NaN,5.9,0,NaN,5.0,NaN,3.1,NaN,33,10,5,29.83,NaN,8,1010.10,0,66,73,72,1,23,41,3Or6HourObs,1,35,NE,2,NaN,NaN,NaN,100,18,34,29.74,NaN,93,1007,74,0.00,NaN,NaN,0.0,NaN,0,NaN,83,10.0,28,
20170102,daily,1011,23,29.86,73,NaN,NaN,NaN,0,NaN,NaN,6.2,NaN,0,20,NaN,22,NaN,NaN,0,10.0,21,NaN,6.2,0,NaN,10.0,NaN,6.2,NaN,33,14,6,29.82,NaN,9,1009.72,0,68,73,70,0,23,46,3Or6HourObs,2,50,NE,4,NaN,NaN,NaN,89,18,34,29.77,NaN,93,1008,68,0.00,NaN,NaN,0.0,NaN,0,NaN,83,10.0,28,
20170103,daily,1011,23,29.86,73,NaN,NaN,NaN,0,NaN,NaN,6.2,NaN,0,19,NaN,15,NaN,NaN,0,10.0,22,NaN,6.2,0,NaN,10.0,NaN,6.2,NaN,34,9,4,29.81,NaN,6,1009.48,0,66,75,71,0,24,41,3Or6HourObs,1,58,ENE,2,NaN,NaN,NaN,89,19,34,29.74,NaN,93,1007,69,0.00,NaN,NaN,0.0,NaN,0,NaN,84,10.0,29,
20170104,daily,1011,24,29.86,75,NaN,NaN,NaN,0,NaN,NaN,6.2,NaN,0,19,NaN,13,NaN,NaN,0,9.2,22,NaN,5.7,0,NaN,6.0,NaN,3.7,NaN,33,8,4,29.79,NaN,6,1008.83,0,66,75,71,0,24,46,3Or6HourObs,1,39,NE,2,NaN,NaN,NaN,94,18,33,29.74,NaN,91,1007,70,0.00,NaN,NaN,0.0,NaN,0,NaN,83,10.0,28,
20170105,daily,1010,25,29.83,77,NaN,NaN,NaN,0,NaN,NaN,6.2,NaN,0,20,NaN,15,NaN,NaN,0,9.3,22,NaN,5.8,0,NaN,8.0,NaN,5.0,NaN,34,9,4,29.78,NaN,6,1008.26,0,68,77,72,0,25,49,3Or6HourObs,1,98,East,2,NaN,NaN,NaN,100,19,33,29.74,NaN,91,1007,71,0.00,NaN,NaN,0.0,NaN,0,NaN,84,10.0,29,
20170106,daily,1009,25,29.80,77,NaN,NaN,NaN,0,NaN,NaN,6.2,NaN,0,19,NaN,18,NaN,NaN,0,9.0,22,NaN,5.6,0,NaN,6.0,NaN,3.7,NaN,34,12,4,29.75,NaN,7,1007.27,0,66,77,72,1,25,46,3Or6HourObs,0,72,ENE,0,NaN,NaN,NaN,94,19,33,29.68,NaN,91,1005,70,0.00,NaN,NaN,0.0,NaN,0,NaN,84,10.0,29,
20170107,daily,1009,26,29.80,79,NaN,NaN,NaN,0,NaN,NaN,6.2,NaN,0,21,NaN,22,NaN,NaN,0,8.2,23,NaN,5.1,0,NaN,5.0,NaN,3.1,NaN,32,14,5,29.74,NaN,8,1006.91,0,70,77,73,1,25,55,3Or6HourObs,1,94,East,2,NaN,NaN,NaN,100,17,31,29.68,NaN,87,1005,75,0.00,NaN,NaN,0.0,NaN,0,NaN,82,10.0,28,
20170108,daily,1009,22,29.80,72,NaN,NaN,NaN,0,NaN,NaN,6.2,NaN,0,19,NaN,22,NaN,NaN,0,10.0,21,NaN,6.2,0,NaN,10.0,NaN,6.2,NaN,34,14,8,29.74,NaN,12,1007.16,0,66,78,69,0,26,46,3Or6HourObs,5,107,ESE,7,NaN,NaN,NaN,78,20,33,29.68,NaN,91,1005,61,0.00,NaN,NaN,0.0,NaN,0,NaN,84,10.0,30,
20170109,daily,1010,24,29.83,75,NaN,NaN,NaN,0,NaN,NaN,6.2,NaN,0,17,NaN,17,NaN,NaN,0,10.0,21,NaN,6.2,0,NaN,10.0,NaN,6.2,NaN,32,10,4,29.76,NaN,7,1007.82,0,63,73,70,0,23,43,3Or6HourObs,0,110,ESE,0,NaN,NaN,NaN,94,17,33,29.68,NaN,91,1005,67,0.00,NaN,NaN,0.0,NaN,0,NaN,82,10.0,28,
20170110,daily,1010,24,29.83,75,NaN,NaN,NaN,0,NaN,NaN,6.2,NaN,0,21,NaN,15,NaN,NaN,0,9.4,22,NaN,5.8,0,NaN,7.0,NaN,4.3,NaN,32,9,4,29.78,NaN,7,1008.40,0,70,75,72,1,24,55,3Or6HourObs,1,128,SE,2,NaN,NaN,NaN,94,17,32,29.71,NaN,89,1006,73,0.00,NaN,NaN,0.0,NaN,0,NaN,82,10.0,28,
20170111,daily,1011,24,29.86,75,NaN,NaN,NaN,0,NaN,NaN,6.2,NaN,0,21,NaN,15,NaN,NaN,0,8.6,22,NaN,5.4,0,NaN,5.0,NaN,3.1,NaN,32,9,3,29.79,NaN,6,1008.57,0,70,75,72,1,24,52,3Or6HourObs,1,116,ESE,2,NaN,NaN,NaN,94,17,32,29.71,NaN,89,1006,73,0.00,NaN,NaN,0.0,NaN,0,NaN,82,10.0,28,
20170112,daily,1010,25,29.83,77,NaN,NaN,NaN,0,NaN,NaN,6.2,NaN,0,21,NaN,15,NaN,NaN,0,9.8,23,NaN,6.1,0,NaN,6.0,NaN,3.7,NaN,33,9,5,29.75,NaN,8,1007.40,0,70,75,74,0,24,49,3Or6HourObs,2,281,West,4,NaN,NaN,NaN,100,18,33,29.68,NaN,91,1005,76,0.00,NaN,NaN,0.0,NaN,0,NaN,83,10.0,28,
20170113,daily,1009,27,29.80,81,NaN,NaN,NaN,0,NaN,NaN,6.2,NaN,0,20,NaN,15,NaN,NaN,0,9.2,24,NaN,5.7,0,NaN,4.0,NaN,2.5,NaN,34,9,4,29.74,NaN,7,1006.93,0,68,75,74,0,24,46,3Or6HourObs,1,281,West,2,NaN,NaN,NaN,100,19,34,29.65,NaN,93,1004,75,0.00,NaN,NaN,0.0,NaN,0,NaN,84,10.0,29,
20170114,daily,1010,27,29.83,81,NaN,NaN,NaN,0,NaN,NaN,6.2,NaN,0,21,NaN,17,NaN,NaN,0,8.5,25,NaN,5.3,0,NaN,5.0,NaN,3.1,NaN,34,10,5,29.76,NaN,7,1007.54,0,70,78,76,1,26,52,3Or6HourObs,0,70,ENE,0,NaN,NaN,NaN,100,18,32,29.71,NaN,89,1006,85,0.00,NaN,NaN,0.0,NaN,1,NaN,84,10.0,29,
20170115,daily,1011,26,29.86,79,NaN,NaN,NaN,0,NaN,NaN,6.2,NaN,0,24,NaN,11,NaN,NaN,0,7.6,25,NaN,4.7,0,NaN,2.0,NaN,1.2,NaN,28,7,3,29.82,NaN,5,1009.63,0,75,77,77,1,25,84,3Or6HourObs,1,354,North,2,NaN,NaN,NaN,100,14,27,29.77,NaN,80,1008,97,0.00,NaN,NaN,0.0,NaN,0,NaN,78,10.0,26,
20170116,daily,1011,25,29.86,77,NaN,NaN,NaN,0,NaN,NaN,6.2,NaN,0,21,NaN,24,NaN,NaN,0,9.2,23,NaN,5.7,0,NaN,6.0,NaN,3.7,NaN,32,15,5,29.81,NaN,8,1009.44,0,70,75,73,1,24,55,3Or6HourObs,1,90,East,2,NaN,NaN,NaN,100,17,32,29.74,NaN,89,1007,79,0.00,NaN,NaN,0.0,NaN,0,NaN,82,10.0,28,
20170117,daily,1012,25,29.89,77,NaN,NaN,NaN,0,NaN,NaN,6.2,NaN,0,18,NaN,32,NaN,NaN,0,8.3,21,NaN,5.2,0,NaN,2.5,NaN,1.6,NaN,32,20,4,29.84,NaN,7,1010.48,0,64,73,71,0,23,41,3Or6HourObs,0,88,East,0,NaN,NaN,NaN,100,17,33,29.77,NaN,91,1008,72,0.00,NaN,NaN,0.0,NaN,0,NaN,82,10.0,28,
20170118,daily,1014,23,29.95,73,NaN,NaN,NaN,0,NaN,NaN,6.2,NaN,0,15,NaN,22,NaN,NaN,0,10.0,20,NaN,6.2,0,NaN,10.0,NaN,6.2,NaN,34,14,4,29.89,NaN,6,1012.04,0,59,75,68,0,24,34,3Or6HourObs,0,52,NE,0,NaN,NaN,NaN,89,19,34,29.83,NaN,93,1010,64,0.00,NaN,NaN,0.0,NaN,0,NaN,84,10.0,29,
20170119,daily,1013,25,29.92,77,NaN,NaN,NaN,0,NaN,NaN,6.2,NaN,0,19,NaN,15,NaN,NaN,0,9.0,22,NaN,5.5,0,NaN,4.0,NaN,2.5,NaN,33,9,3,29.87,NaN,5,1011.33,0,66,77,72,0,25,46,3Or6HourObs,0,98,East,0,NaN,NaN,NaN,100,18,32,29.80,NaN,89,1009,70,0.00,NaN,NaN,0.0,NaN,0,NaN,83,10.0,28,
20170120,daily,1013,26,29.92,79,NaN,NaN,NaN,0,NaN,NaN,6.2,NaN,0,20,NaN,13,NaN,NaN,0,9.7,23,NaN,6.0,0,NaN,8.0,NaN,5.0,NaN,33,8,4,29.86,NaN,6,1011.09,0,68,77,73,1,25,49,3Or6HourObs,1,359,North,2,NaN,NaN,NaN,100,18,32,29.80,NaN,89,1009,77,0.00,NaN,NaN,0.0,NaN,1,NaN,83,10.0,28,
20170121,daily,1015,25,29.98,77,NaN,NaN,NaN,0,NaN,NaN,6.2,NaN,0,20,NaN,24,NaN,NaN,0,9.5,22,NaN,5.9,0,NaN,6.0,NaN,3.7,NaN,33,15,4,29.91,NaN,6,1012.75,0,68,75,72,0,24,49,3Or6HourObs,1,21,NNE,2,NaN,NaN,NaN,94,18,33,29.83,NaN,91,1010,74,0.00,NaN,NaN,0.0,NaN,0,NaN,83,10.0,28,
20170122,daily,1015,25,29.98,77,NaN,NaN,NaN,0,NaN,NaN,6.2,NaN,0,18,NaN,15,NaN,NaN,0,8.7,21,NaN,5.4,0,NaN,7.0,NaN,4.3,NaN,33,9,4,29.92,NaN,6,1013.08,0,64,75,69,0,24,43,3Or6HourObs,0,11,North,0,NaN,NaN,NaN,100,18,33,29.86,NaN,91,1011,68,0.00,NaN,NaN,0.0,NaN,0,NaN,83,10.0,28,
20170123,daily,1015,23,29.98,73,NaN,NaN,NaN,0,NaN,NaN,6.2,NaN,0,17,NaN,13,NaN,NaN,0,10.0,19,NaN,6.2,0,NaN,10.0,NaN,6.2,NaN,32,8,4,29.91,NaN,6,1012.67,0,63,71,67,0,22,38,3Or6HourObs,1,47,NE,2,NaN,NaN,NaN,88,17,34,29.83,NaN,93,1010,62,0.00,NaN,NaN,0.0,NaN,0,NaN,82,10.0,28,
20170124,daily,1015,23,29.98,73,NaN,NaN,NaN,0,NaN,NaN,6.2,NaN,0,18,NaN,13,NaN,NaN,0,9.6,20,NaN,6.0,0,NaN,7.0,NaN,4.3,NaN,31,8,4,29.91,NaN,6,1012.78,0,64,75,68,0,24,49,3Or6HourObs,0,63,ENE,0,NaN,NaN,NaN,79,16,31,29.86,NaN,87,1011,66,0.00,NaN,NaN,0.0,NaN,0,NaN,81,10.0,28,
20170125,daily,1015,25,29.98,77,NaN,NaN,NaN,0,NaN,NaN,6.2,NaN,0,2,NaN,20,NaN,NaN,0,9.2,23,NaN,5.7,0,NaN,3.0,NaN,1.9,NaN,34,13,3,29.93,NaN,4,1013.30,0,36,75,73,1,24,22,3Or6HourObs,0,324,NW,0,NaN,NaN,NaN,100,19,34,29.83,NaN,93,1010,80,0.00,NaN,NaN,0.0,NaN,0,NaN,84,10.0,29,
20170126,daily,1014,25,29.95,77,NaN,NaN,NaN,0,NaN,NaN,6.2,NaN,0,17,NaN,15,NaN,NaN,0,9.5,21,NaN,5.9,0,NaN,4.0,NaN,2.5,NaN,33,9,3,29.90,NaN,5,1012.30,0,63,75,71,0,24,43,3Or6HourObs,0,34,NE,0,NaN,NaN,NaN,100,18,33,29.83,NaN,91,1010,70,0.00,NaN,NaN,0.0,NaN,0,NaN,83,10.0,28,
20170127,daily,1015,21,29.98,70,NaN,NaN,NaN,0,NaN,NaN,6.2,NaN,0,15,NaN,17,NaN,NaN,0,10.0,17,NaN,6.2,0,NaN,10.0,NaN,6.2,NaN,31,10,4,29.89,NaN,7,1012.07,0,59,71,63,0,22,34,3Or6HourObs,0,47,NE,0,NaN,NaN,NaN,73,16,33,29.80,NaN,91,1009,58,0.00,NaN,NaN,0.0,NaN,0,NaN,81,10.0,28,
20170128,daily,1013,24,29.92,75,NaN,NaN,NaN,0,NaN,NaN,6.2,NaN,0,15,NaN,11,NaN,NaN,0,8.2,18,NaN,5.1,0,NaN,6.0,NaN,3.7,NaN,28,7,3,29.87,NaN,5,1011.28,0,59,69,65,0,21,40,3Or6HourObs,1,273,West,2,NaN,NaN,NaN,94,13,31,29.80,NaN,87,1009,64,0.00,NaN,NaN,0.0,NaN,0,NaN,78,10.0,26,
20170129,daily,1013,24,29.92,75,NaN,NaN,NaN,0,NaN,NaN,6.2,NaN,0,18,NaN,13,NaN,NaN,0,9.4,21,NaN,5.8,0,NaN,7.0,NaN,4.3,NaN,30,8,4,29.87,NaN,6,1011.29,0,64,71,70,0,22,43,3Or6HourObs,0,192,SSW,0,NaN,NaN,NaN,100,15,32,29.80,NaN,89,1009,73,0.00,NaN,NaN,0.0,NaN,0,NaN,80,10.0,27,
20170130,daily,1013,24,29.92,75,NaN,NaN,NaN,0,NaN,NaN,6.2,NaN,0,17,NaN,15,NaN,NaN,0,10.0,21,NaN,6.2,0,NaN,10.0,NaN,6.2,NaN,32,9,3,29.84,NaN,5,1010.33,0,63,73,70,0,23,41,3Or6HourObs,0,141,SE,0,NaN,NaN,NaN,100,17,33,29.77,NaN,91,1008,72,0.00,NaN,NaN,0.0,NaN,0,NaN,82,10.0,28,
20170131,daily,1013,24,29.92,75,NaN,NaN,NaN,0,NaN,NaN,6.2,NaN,0,17,NaN,13,NaN,NaN,0,9.5,21,NaN,5.9,0,NaN,6.0,NaN,3.7,NaN,31,8,3,29.84,NaN,5,1010.33,0,63,73,70,0,23,40,3Or6HourObs,0,319,NW,0,NaN,NaN,NaN,100,16,32,29.80,NaN,89,1009,73,0.00,NaN,NaN,0.0,NaN,0,NaN,81,10.0,28,
20170201,daily,1012,25,29.89,77,NaN,NaN,NaN,0,NaN,NaN,6.2,NaN,0,21,NaN,17,NaN,NaN,0,9.8,23,NaN,6.1,0,NaN,6.0,NaN,3.7,NaN,32,10,4,29.85,NaN,7,1010.55,0,70,75,73,1,24,52,3Or6HourObs,0,172,South,0,NaN,NaN,NaN,100,17,32,29.80,NaN,89,1009,76,0.00,NaN,NaN,0.0,NaN,0,NaN,82,10.0,28,
20170202,daily,1013,24,29.92,75,NaN,NaN,NaN,0,NaN,NaN,6.2,NaN,0,22,NaN,28,NaN,NaN,0,8.5,24,NaN,5.3,0,NaN,0.6,NaN,0.4,NaN,30,17,3,29.87,NaN,5,1011.32,0,72,73,75,1,23,62,3Or6HourObs,0,316,NW,0,NaN,NaN,NaN,100,15,31,29.77,NaN,87,1008,88,0.00,NaN,NaN,0.0,NaN,1,NaN,80,10.0,27,
20170203,daily,1013,25,29.92,77,NaN,NaN,NaN,0,NaN,NaN,6.2,NaN,0,21,NaN,7,NaN,NaN,0,8.9,23,NaN,5.5,0,NaN,6.0,NaN,3.7,NaN,30,5,2,29.86,NaN,4,1010.86,0,70,75,74,1,24,66,3Or6HourObs,0,293,WNW,0,NaN,NaN,NaN,100,14,29,29.80,NaN,84,1009,85,0.00,NaN,NaN,0.0,NaN,0,NaN,80,10.0,26,
20170204,daily,1012,25,29.89,77,NaN,NaN,NaN,0,NaN,NaN,6.2,NaN,0,19,NaN,13,NaN,NaN,0,10.0,23,NaN,6.2,0,NaN,10.0,NaN,6.2,NaN,34,8,3,29.81,NaN,4,1009.46,0,66,77,73,0,25,43,3Or6HourObs,0,169,South,0,NaN,NaN,NaN,100,19,33,29.71,NaN,91,1006,73,0.00,NaN,NaN,0.0,NaN,0,NaN,84,10.0,29,
20170205,daily,1011,26,29.86,79,NaN,NaN,NaN,0,NaN,NaN,6.2,NaN,0,21,NaN,26,NaN,NaN,0,9.6,24,NaN,6.0,0,NaN,4.0,NaN,2.5,NaN,34,16,4,29.79,NaN,7,1008.75,0,70,77,75,1,25,49,3Or6HourObs,0,246,WSW,0,NaN,NaN,NaN,100,19,33,29.71,NaN,91,1006,83,0.00,NaN,NaN,0.0,NaN,1,NaN,84,10.0,29,
20170206,daily,1012,25,29.89,77,NaN,NaN,NaN,0,NaN,NaN,6.2,NaN,0,19,NaN,17,NaN,NaN,0,10.0,22,NaN,6.2,0,NaN,10.0,NaN,6.2,NaN,32,10,5,29.80,NaN,8,1009.15,0,66,75,72,0,24,46,3Or6HourObs,1,223,SW,2,NaN,NaN,NaN,100,17,32,29.74,NaN,89,1007,76,0.00,NaN,NaN,0.0,NaN,0,NaN,82,10.0,28,
20170207,daily,1012,23,29.89,73,NaN,NaN,NaN,0,NaN,NaN,6.2,NaN,0,15,NaN,17,NaN,NaN,0,10.0,21,NaN,6.2,0,NaN,10.0,NaN,6.2,NaN,33,10,6,29.82,NaN,9,1009.51,0,59,75,70,0,24,36,3Or6HourObs,1,170,South,2,NaN,NaN,NaN,89,18,33,29.74,NaN,91,1007,72,0.00,NaN,NaN,0.0,NaN,0,NaN,83,10.0,28,
20170208,daily,1012,25,29.89,77,NaN,NaN,NaN,0,NaN,NaN,6.2,NaN,0,20,NaN,17,NaN,NaN,0,9.8,22,NaN,6.1,0,NaN,8.0,NaN,5.0,NaN,31,10,4,29.82,NaN,6,1009.80,0,68,73,72,0,23,49,3Or6HourObs,0,228,SW,0,NaN,NaN,NaN,94,16,32,29.74,NaN,89,1007,75,0.00,NaN,NaN,0.0,NaN,0,NaN,81,10.0,28,
20170209,daily,1012,24,29.89,75,NaN,NaN,NaN,0,NaN,NaN,6.2,NaN,0,17,NaN,18,NaN,NaN,0,10.0,21,NaN,6.2,0,NaN,10.0,NaN,6.2,NaN,35,12,5,29.82,NaN,8,1009.76,0,63,77,71,0,25,38,3Or6HourObs,1,129,SE,2,NaN,NaN,NaN,89,20,34,29.74,NaN,93,1007,69,0.00,NaN,NaN,0.0,NaN,0,NaN,85,10.0,30,
20170210,daily,1013,24,29.92,75,NaN,NaN,NaN,0,NaN,NaN,6.2,NaN,0,19,NaN,18,NaN,NaN,0,9.8,21,NaN,6.0,0,NaN,6.0,NaN,3.7,NaN,33,12,4,29.85,NaN,7,1010.62,0,66,75,70,0,24,43,3Or6HourObs,1,64,ENE,2,NaN,NaN,NaN,100,18,33,29.77,NaN,91,1008,72,0.00,NaN,NaN,0.0,NaN,0,NaN,83,10.0,28,
20170211,daily,1015,21,29.98,70,NaN,NaN,NaN,0,NaN,NaN,6.2,NaN,0,13,NaN,15,NaN,NaN,0,10.0,18,NaN,6.2,0,NaN,10.0,NaN,6.2,NaN,31,9,4,29.92,NaN,7,1012.86,0,55,71,64,0,22,31,3Or6HourObs,0,45,NE,0,NaN,NaN,NaN,88,16,33,29.86,NaN,91,1011,60,0.00,NaN,NaN,0.0,NaN,0,NaN,81,10.0,28,
20170212,daily,1016,21,30.01,70,NaN,NaN,NaN,0,NaN,NaN,6.2,NaN,0,12,NaN,15,NaN,NaN,0,10.0,16,NaN,6.2,0,NaN,9.0,NaN,5.6,NaN,30,9,5,29.95,NaN,8,1013.91,0,54,69,60,0,21,28,3Or6HourObs,1,39,NE,2,NaN,NaN,NaN,74,15,33,29.86,NaN,91,1011,53,0.00,NaN,NaN,0.0,NaN,0,NaN,80,10.0,27,
20170213,daily,1017,22,30.04,72,NaN,NaN,NaN,0,NaN,NaN,6.2,NaN,0,12,NaN,17,NaN,NaN,0,10.0,16,NaN,6.2,0,NaN,10.0,NaN,6.2,NaN,30,10,4,29.98,NaN,7,1015.04,0,54,69,61,0,21,29,3Or6HourObs,0,36,NE,0,NaN,NaN,NaN,83,15,33,29.89,NaN,91,1012,54,0.00,NaN,NaN,0.0,NaN,0,NaN,80,10.0,27,
20170214,daily,1018,21,30.06,70,NaN,NaN,NaN,0,NaN,NaN,6.2,NaN,0,14,NaN,20,NaN,NaN,0,10.0,18,NaN,6.2,0,NaN,10.0,NaN,6.2,NaN,31,13,5,30.00,NaN,8,1015.52,0,57,69,64,0,21,31,3Or6HourObs,2,51,NE,4,NaN,NaN,NaN,78,16,34,29.92,NaN,93,1013,58,0.00,NaN,NaN,0.0,NaN,0,NaN,81,10.0,28,
20170215,daily,1017,21,30.04,70,NaN,NaN,NaN,0,NaN,NaN,6.2,NaN,0,17,NaN,18,NaN,NaN,0,10.0,18,NaN,6.2,0,NaN,10.0,NaN,6.2,NaN,31,12,5,29.98,NaN,9,1014.93,0,63,73,64,0,23,40,3Or6HourObs,1,45,NE,2,NaN,NaN,NaN,74,16,32,29.89,NaN,89,1012,58,0.00,NaN,NaN,0.0,NaN,0,NaN,81,10.0,28,
20170216,daily,1016,20,30.01,68,NaN,NaN,NaN,0,NaN,NaN,6.2,NaN,0,13,NaN,15,NaN,NaN,0,10.0,16,NaN,6.2,0,NaN,10.0,NaN,6.2,NaN,30,9,4,29.94,NaN,7,1013.54,0,55,69,61,0,21,29,3Or6HourObs,1,73,ENE,2,NaN,NaN,NaN,78,15,33,29.83,NaN,91,1010,53,0.00,NaN,NaN,0.0,NaN,0,NaN,80,10.0,27,
20170217,daily,1015,22,29.98,72,NaN,NaN,NaN,0,NaN,NaN,6.2,NaN,0,17,NaN,15,NaN,NaN,0,9.4,19,NaN,5.8,0,NaN,6.0,NaN,3.7,NaN,32,9,5,29.92,NaN,8,1013.02,0,63,73,66,0,23,38,3Or6HourObs,2,97,East,4,NaN,NaN,NaN,94,17,33,29.86,NaN,91,1011,62,0.00,NaN,NaN,0.0,NaN,0,NaN,82,10.0,28,
20170218,daily,1015,23,29.98,73,NaN,NaN,NaN,0,NaN,NaN,6.2,NaN,0,19,NaN,20,NaN,NaN,0,9.4,21,NaN,5.8,0,NaN,6.0,NaN,3.7,NaN,32,13,3,29.91,NaN,5,1012.81,0,66,71,69,0,22,41,3Or6HourObs,0,129,SE,0,NaN,NaN,NaN,100,17,34,29.83,NaN,93,1010,67,0.00,NaN,NaN,0.0,NaN,0,NaN,82,10.0,28,
20170219,daily,1014,25,29.95,77,NaN,NaN,NaN,0,NaN,NaN,6.2,NaN,0,19,NaN,28,NaN,NaN,0,8.3,22,NaN,5.1,0,NaN,2.0,NaN,1.2,NaN,32,17,4,29.87,NaN,6,1011.28,0,66,73,72,1,23,46,3Or6HourObs,0,197,SSW,0,NaN,NaN,NaN,100,17,33,29.77,NaN,91,1008,79,0.00,NaN,NaN,0.0,NaN,0,NaN,82,10.0,28,
20170220,daily,1012,23,29.89,73,NaN,NaN,NaN,0,NaN,NaN,6.2,NaN,0,21,NaN,15,NaN,NaN,0,10.0,22,NaN,6.2,0,NaN,8.0,NaN,5.0,NaN,31,9,4,29.82,NaN,6,1009.55,0,70,75,72,1,24,58,3Or6HourObs,0,142,SE,0,NaN,NaN,NaN,94,16,31,29.77,NaN,87,1008,74,0.00,NaN,NaN,0.0,NaN,0,NaN,81,10.0,28,
20170221,daily,1013,24,29.92,75,NaN,NaN,NaN,0,NaN,NaN,6.2,NaN,0,22,NaN,18,NaN,NaN,0,10.0,23,NaN,6.2,0,NaN,10.0,NaN,6.2,NaN,34,12,7,29.85,NaN,11,1010.58,0,72,77,73,1,25,52,3Or6HourObs,1,131,SE,2,NaN,NaN,NaN,89,19,33,29.80,NaN,91,1009,72,0.00,NaN,NaN,0.0,NaN,0,NaN,84,10.0,29,
20170222,daily,1013,24,29.92,75,NaN,NaN,NaN,0,NaN,NaN,6.2,NaN,0,21,NaN,22,NaN,NaN,0,10.0,23,NaN,6.2,0,NaN,10.0,NaN,6.2,NaN,36,14,8,29.84,NaN,12,1010.43,0,70,78,74,0,26,44,3Or6HourObs,4,135,SE,6,NaN,NaN,NaN,89,22,35,29.77,NaN,95,1008,74,0.00,NaN,NaN,0.0,NaN,1,NaN,86,10.0,30,
20170223,daily,1013,24,29.92,75,NaN,NaN,NaN,0,NaN,NaN,6.2,NaN,0,21,NaN,22,NaN,NaN,0,10.0,22,NaN,6.2,0,NaN,10.0,NaN,6.2,NaN,34,14,7,29.86,NaN,11,1011.06,0,70,78,72,0,26,49,3Or6HourObs,4,140,SE,6,NaN,NaN,NaN,89,20,33,29.80,NaN,91,1009,70,0.00,NaN,NaN,0.0,NaN,0,NaN,84,10.0,30,
20170224,daily,1014,23,29.95,73,NaN,NaN,NaN,0,NaN,NaN,6.2,NaN,0,20,NaN,18,NaN,NaN,0,10.0,22,NaN,6.2,0,NaN,10.0,NaN,6.2,NaN,34,12,6,29.89,NaN,10,1012.02,0,68,75,71,0,24,46,3Or6HourObs,1,107,ESE,2,NaN,NaN,NaN,94,19,34,29.80,NaN,93,1009,68,0.00,NaN,NaN,0.0,NaN,0,NaN,84,10.0,29,
20170225,daily,1013,24,29.92,75,NaN,NaN,NaN,0,NaN,NaN,6.2,NaN,0,20,NaN,17,NaN,NaN,0,9.7,22,NaN,6.0,0,NaN,6.0,NaN,3.7,NaN,33,10,4,29.84,NaN,6,1010.33,0,68,75,72,0,24,49,3Or6HourObs,0,128,SE,0,NaN,NaN,NaN,94,18,33,29.77,NaN,91,1008,71,0.00,NaN,NaN,0.0,NaN,0,NaN,83,10.0,28,
20170226,daily,1012,25,29.89,77,NaN,NaN,NaN,0,NaN,NaN,6.2,NaN,0,23,NaN,18,NaN,NaN,0,9.2,24,NaN,5.7,0,NaN,2.0,NaN,1.2,NaN,32,12,3,29.83,NaN,5,1009.89,0,73,77,75,1,25,62,3Or6HourObs,0,109,ESE,0,NaN,NaN,NaN,100,17,31,29.77,NaN,87,1008,84,0.00,NaN,NaN,0.0,NaN,1,NaN,82,10.0,28,
20170227,daily,1012,26,29.89,79,NaN,NaN,NaN,0,NaN,NaN,6.2,NaN,0,19,NaN,17,NaN,NaN,0,9.2,22,NaN,5.7,0,NaN,5.0,NaN,3.1,NaN,34,10,3,29.84,NaN,5,1010.30,0,66,75,72,1,24,41,3Or6HourObs,0,75,ENE,0,NaN,NaN,NaN,100,19,34,29.77,NaN,93,1008,73,0.00,NaN,NaN,0.0,NaN,0,NaN,84,10.0,29,
20170228,daily,1012,25,29.89,77,NaN,NaN,NaN,0,NaN,NaN,6.2,NaN,0,19,NaN,17,NaN,NaN,0,9.3,21,NaN,5.8,0,NaN,8.0,NaN,5.0,NaN,33,10,5,29.83,NaN,7,1009.98,0,66,73,70,0,23,41,3Or6HourObs,1,98,East,2,NaN,NaN,NaN,89,18,34,29.74,NaN,93,1007,66,0.00,NaN,NaN,0.0,NaN,0,NaN,83,10.0,28,
20170301,daily,1012,24,29.89,75,NaN,NaN,NaN,0,NaN,NaN,6.2,NaN,0,20,NaN,15,NaN,NaN,0,9.7,22,NaN,6.0,0,NaN,8.0,NaN,5.0,NaN,34,9,3,29.83,NaN,5,1009.93,0,68,77,71,1,25,46,3Or6HourObs,1,126,SE,2,NaN,NaN,NaN,94,19,33,29.77,NaN,91,1008,68,0.00,NaN,NaN,0.0,NaN,0,NaN,84,10.0,29,
20170302,daily,1012,22,29.89,72,NaN,NaN,NaN,0,NaN,NaN,6.2,NaN,0,18,NaN,20,NaN,NaN,0,10.0,19,NaN,6.2,0,NaN,9.0,NaN,5.6,NaN,34,13,4,29.83,NaN,7,1009.91,0,64,75,67,0,24,38,3Or6HourObs,2,74,ENE,4,NaN,NaN,NaN,74,19,34,29.74,NaN,93,1007,60,0.00,NaN,NaN,0.0,NaN,0,NaN,84,10.0,29,
20170303,daily,1011,22,29.86,72,NaN,NaN,NaN,0,NaN,NaN,6.2,NaN,0,18,NaN,17,NaN,NaN,0,8.9,20,NaN,5.5,0,NaN,5.0,NaN,3.1,NaN,31,10,4,29.79,NaN,6,1008.79,0,64,73,67,0,23,46,3Or6HourObs,1,156,SSE,2,NaN,NaN,NaN,89,16,32,29.71,NaN,89,1006,63,0.00,NaN,NaN,0.0,NaN,0,NaN,81,10.0,28,
20170304,daily,1011,21,29.86,70,NaN,NaN,NaN,0,NaN,NaN,6.2,NaN,0,17,NaN,20,NaN,NaN,0,8.5,19,NaN,5.3,0,NaN,5.0,NaN,3.1,NaN,32,13,5,29.79,NaN,8,1008.57,0,63,71,67,0,22,36,3Or6HourObs,1,112,ESE,2,NaN,NaN,NaN,88,17,34,29.71,NaN,93,1006,64,0.00,NaN,NaN,0.0,NaN,0,NaN,82,10.0,28,
20170305,daily,1012,24,29.89,75,NaN,NaN,NaN,0,NaN,NaN,6.2,NaN,0,19,NaN,18,NaN,NaN,0,9.6,21,NaN,5.9,0,NaN,6.0,NaN,3.7,NaN,33,12,5,29.80,NaN,8,1009.00,0,66,75,71,0,24,46,3Or6HourObs,1,159,SSE,2,NaN,NaN,NaN,94,18,33,29.74,NaN,91,1007,72,0.00,NaN,NaN,0.0,NaN,0,NaN,83,10.0,28,
20170306,daily,1012,24,29.89,75,NaN,NaN,NaN,0,NaN,NaN,6.2,NaN,0,21,NaN,20,NaN,NaN,0,10.0,22,NaN,6.2,0,NaN,10.0,NaN,6.2,NaN,33,13,6,29.79,NaN,10,1008.72,0,70,75,72,0,24,49,3Or6HourObs,2,152,SSE,4,NaN,NaN,NaN,94,18,33,29.71,NaN,91,1006,75,0.00,NaN,NaN,0.0,NaN,0,NaN,83,10.0,28,
20170307,daily,1012,23,29.89,73,NaN,NaN,NaN,0,NaN,NaN,6.2,NaN,0,16,NaN,20,NaN,NaN,0,10.0,20,NaN,6.2,0,NaN,10.0,NaN,6.2,NaN,34,13,7,29.82,NaN,12,1009.63,0,61,77,68,0,25,36,3Or6HourObs,1,138,SE,2,NaN,NaN,NaN,89,19,33,29.74,NaN,91,1007,65,0.00,NaN,NaN,0.0,NaN,0,NaN,84,10.0,29,
20170308,daily,1012,22,29.89,72,NaN,NaN,NaN,0,NaN,NaN,6.2,NaN,0,17,NaN,22,NaN,NaN,0,10.0,20,NaN,6.2,0,NaN,10.0,NaN,6.2,NaN,33,14,6,29.82,NaN,10,1009.64,0,63,73,67,0,23,38,3Or6HourObs,0,141,SE,0,NaN,NaN,NaN,94,18,34,29.74,NaN,93,1007,64,0.00,NaN,NaN,0.0,NaN,0,NaN,83,10.0,28,
20170309,daily,1012,22,29.89,72,NaN,NaN,NaN,0,NaN,NaN,6.2,NaN,0,17,NaN,20,NaN,NaN,0,10.0,20,NaN,6.2,0,NaN,9.0,NaN,5.6,NaN,35,13,8,29.81,NaN,14,1009.30,0,63,77,68,0,25,36,3Or6HourObs,4,129,SE,6,NaN,NaN,NaN,83,20,34,29.74,NaN,93,1007,65,0.00,NaN,NaN,0.0,NaN,0,NaN,85,10.0,30,
20170310,daily,1012,23,29.89,73,NaN,NaN,NaN,0,NaN,NaN,6.2,NaN,0,17,NaN,20,NaN,NaN,0,9.9,21,NaN,6.2,0,NaN,9.0,NaN,5.6,NaN,34,13,8,29.81,NaN,13,1009.39,0,63,75,69,0,24,41,3Or6HourObs,2,143,SE,4,NaN,NaN,NaN,89,19,34,29.74,NaN,93,1007,69,0.00,NaN,NaN,0.0,NaN,0,NaN,84,10.0,29,
20170311,daily,1012,24,29.89,75,NaN,NaN,NaN,0,NaN,NaN,6.2,NaN,0,20,NaN,20,NaN,NaN,0,9.4,22,NaN,5.8,0,NaN,6.0,NaN,3.7,NaN,32,13,7,29.83,NaN,11,1010.04,0,68,75,72,0,24,52,3Or6HourObs,1,149,SSE,2,NaN,NaN,NaN,100,17,32,29.77,NaN,89,1008,76,0.00,NaN,NaN,0.0,NaN,0,NaN,82,10.0,28,
20170312,daily,1013,24,29.92,75,NaN,NaN,NaN,0,NaN,NaN,6.2,NaN,0,19,NaN,18,NaN,NaN,0,10.0,22,NaN,6.2,0,NaN,10.0,NaN,6.2,NaN,32,12,6,29.84,NaN,9,1010.43,0,66,75,71,0,24,52,3Or6HourObs,2,161,SSE,4,NaN,NaN,NaN,94,17,32,29.77,NaN,89,1008,72,0.00,NaN,NaN,0.0,NaN,0,NaN,82,10.0,28,
20170313,daily,1012,24,29.89,75,NaN,NaN,NaN,0,NaN,NaN,6.2,NaN,0,17,NaN,17,NaN,NaN,0,10.0,22,NaN,6.2,0,NaN,10.0,NaN,6.2,NaN,35,10,5,29.82,NaN,8,1009.65,0,63,77,71,0,25,46,3Or6HourObs,4,171,South,6,NaN,NaN,NaN,94,20,34,29.74,NaN,93,1007,68,0.00,NaN,NaN,0.0,NaN,0,NaN,85,10.0,30,
20170314,daily,1012,24,29.89,75,NaN,NaN,NaN,0,NaN,NaN,6.2,NaN,0,19,NaN,17,NaN,NaN,0,10.0,22,NaN,6.2,0,NaN,10.0,NaN,6.2,NaN,34,10,6,29.82,NaN,10,1009.82,0,66,77,72,0,25,46,3Or6HourObs,2,165,SSE,4,NaN,NaN,NaN,94,19,33,29.77,NaN,91,1008,70,0.00,NaN,NaN,0.0,NaN,0,NaN,84,10.0,29,
20170315,daily,1011,25,29.86,77,NaN,NaN,NaN,0,NaN,NaN,6.2,NaN,0,17,NaN,26,NaN,NaN,0,9.6,22,NaN,6.0,0,NaN,5.0,NaN,3.1,NaN,34,16,6,29.83,NaN,10,1009.86,0,63,75,72,0,24,38,3Or6HourObs,2,138,SE,4,NaN,NaN,NaN,100,19,34,29.74,NaN,93,1007,71,0.00,NaN,NaN,0.0,NaN,0,NaN,84,10.0,29,
20170316,daily,1011,29,29.86,84,NaN,NaN,NaN,0,NaN,NaN,6.2,NaN,0,21,NaN,22,NaN,NaN,0,9.5,25,NaN,5.9,0,NaN,2.0,NaN,1.2,NaN,35,14,8,29.79,NaN,13,1008.72,0,70,77,77,1,25,49,3Or6HourObs,4,133,SE,6,NaN,NaN,NaN,100,20,34,29.71,NaN,93,1006,85,0.00,NaN,NaN,0.0,NaN,1,NaN,85,10.0,30,
20170317,daily,1011,29,29.86,84,NaN,NaN,NaN,0,NaN,NaN,6.2,NaN,0,22,NaN,22,NaN,NaN,0,10.0,25,NaN,6.2,0,NaN,8.0,NaN,5.0,NaN,34,14,7,29.81,NaN,12,1009.42,0,72,78,76,0,26,55,3Or6HourObs,5,127,SE,7,NaN,NaN,NaN,100,20,33,29.74,NaN,91,1007,81,0.00,NaN,NaN,0.0,NaN,0,NaN,84,10.0,30,
20170318,daily,1013,24,29.92,75,NaN,NaN,NaN,0,NaN,NaN,6.2,NaN,0,21,NaN,24,NaN,NaN,0,10.0,23,NaN,6.2,0,NaN,10.0,NaN,6.2,NaN,34,15,9,29.86,NaN,14,1010.91,0,70,77,73,0,25,52,3Or6HourObs,7,130,SE,11,NaN,NaN,NaN,89,19,33,29.80,NaN,91,1009,74,0.00,NaN,NaN,0.0,NaN,0,NaN,84,10.0,29,
20170319,daily,1014,25,29.95,77,NaN,NaN,NaN,0,NaN,NaN,6.2,NaN,0,22,NaN,22,NaN,NaN,0,9.9,24,NaN,6.1,0,NaN,8.0,NaN,5.0,NaN,32,14,8,29.87,NaN,13,1011.28,0,72,78,75,1,26,62,3Or6HourObs,5,111,ESE,7,NaN,NaN,NaN,89,18,31,29.80,NaN,87,1009,79,0.00,NaN,NaN,0.0,NaN,0,NaN,82,10.0,28,
20170320,daily,1013,25,29.92,77,NaN,NaN,NaN,0,NaN,NaN,6.2,NaN,0,22,NaN,22,NaN,NaN,0,10.0,24,NaN,6.2,0,NaN,10.0,NaN,6.2,NaN,34,14,7,29.84,NaN,11,1010.49,0,72,78,75,0,26,52,3Or6HourObs,4,137,SE,6,NaN,NaN,NaN,89,20,33,29.74,NaN,91,1007,75,0.00,NaN,NaN,0.0,NaN,0,NaN,84,10.0,30,
20170321,daily,1013,25,29.92,77,NaN,NaN,NaN,0,NaN,NaN,6.2,NaN,0,22,NaN,18,NaN,NaN,0,10.0,24,NaN,6.2,0,NaN,9.0,NaN,5.6,NaN,36,12,6,29.84,NaN,10,1010.17,0,72,80,75,0,27,59,3Or6HourObs,1,151,SSE,2,NaN,NaN,NaN,89,20,33,29.74,NaN,91,1007,76,0.00,NaN,NaN,0.0,NaN,0,NaN,86,10.0,30,
20170322,daily,1012,25,29.89,77,NaN,NaN,NaN,0,NaN,NaN,6.2,NaN,0,22,NaN,22,NaN,NaN,0,10.0,24,NaN,6.2,0,NaN,10.0,NaN,6.2,NaN,34,14,7,29.81,NaN,12,1009.36,0,72,78,74,0,26,52,3Or6HourObs,5,146,SE,7,NaN,NaN,NaN,89,20,33,29.74,NaN,91,1007,74,0.00,NaN,NaN,0.0,NaN,0,NaN,84,10.0,30,
20170323,daily,1012,25,29.89,77,NaN,NaN,NaN,0,NaN,NaN,6.2,NaN,0,22,NaN,22,NaN,NaN,0,10.0,23,NaN,6.2,0,NaN,10.0,NaN,6.2,NaN,36,14,8,29.81,NaN,12,1009.35,0,72,78,74,0,26,52,3Or6HourObs,4,144,SE,6,NaN,NaN,NaN,89,20,34,29.74,NaN,93,1007,73,0.00,NaN,NaN,0.0,NaN,0,NaN,86,10.0,30,
20170324,daily,1012,25,29.89,77,NaN,NaN,NaN,0,NaN,NaN,6.2,NaN,0,22,NaN,22,NaN,NaN,0,10.0,24,NaN,6.2,0,NaN,10.0,NaN,6.2,NaN,36,14,7,29.84,NaN,11,1010.37,0,72,78,75,0,26,47,3Or6HourObs,2,133,SE,4,NaN,NaN,NaN,94,22,35,29.77,NaN,95,1008,72,0.00,NaN,NaN,0.0,NaN,0,NaN,86,10.0,30,
20170325,daily,1013,25,29.92,77,NaN,NaN,NaN,0,NaN,NaN,6.2,NaN,0,23,NaN,22,NaN,NaN,0,10.0,24,NaN,6.2,0,NaN,10.0,NaN,6.2,NaN,38,14,8,29.84,NaN,12,1010.50,0,73,80,76,0,27,53,3Or6HourObs,1,121,ESE,2,NaN,NaN,NaN,89,22,35,29.77,NaN,95,1008,72,0.00,NaN,NaN,0.0,NaN,0,NaN,88,10.0,31,
20170326,daily,1013,24,29.92,75,NaN,NaN,NaN,0,NaN,NaN,6.2,NaN,0,19,NaN,22,NaN,NaN,0,9.9,22,NaN,6.1,0,NaN,7.0,NaN,4.3,NaN,38,14,7,29.85,NaN,11,1010.71,0,66,78,71,0,26,35,3Or6HourObs,4,114,ESE,6,NaN,NaN,NaN,89,23,37,29.77,NaN,98,1008,63,0.00,NaN,NaN,0.0,NaN,0,NaN,88,10.0,32,
20170327,daily,1014,23,29.95,73,NaN,NaN,NaN,0,NaN,NaN,6.2,NaN,0,20,NaN,18,NaN,NaN,0,9.9,21,NaN,6.2,0,NaN,9.0,NaN,5.6,NaN,36,12,6,29.88,NaN,9,1011.67,0,68,77,70,0,25,46,3Or6HourObs,1,97,East,2,NaN,NaN,NaN,78,21,35,29.80,NaN,95,1009,62,0.00,NaN,NaN,0.0,NaN,0,NaN,86,10.0,30,
20170328,daily,1013,23,29.92,73,NaN,NaN,NaN,0,NaN,NaN,6.2,NaN,0,21,NaN,20,NaN,NaN,0,9.6,23,NaN,5.9,0,NaN,6.0,NaN,3.7,NaN,36,13,6,29.87,NaN,10,1011.30,0,70,77,72,0,25,46,3Or6HourObs,1,110,ESE,2,NaN,NaN,NaN,89,21,35,29.80,NaN,95,1009,66,0.00,NaN,NaN,0.0,NaN,0,NaN,86,10.0,30,
20170329,daily,1014,24,29.95,75,NaN,NaN,NaN,0,NaN,NaN,6.2,NaN,0,22,NaN,22,NaN,NaN,0,9.6,23,NaN,6.0,0,NaN,6.0,NaN,3.7,NaN,36,14,6,29.88,NaN,10,1011.61,0,72,77,73,0,25,47,3Or6HourObs,1,106,ESE,2,NaN,NaN,NaN,94,21,35,29.80,NaN,95,1009,70,0.00,NaN,NaN,0.0,NaN,0,NaN,86,10.0,30,
20170330,daily,1014,27,29.95,81,NaN,NaN,NaN,0,NaN,NaN,6.2,NaN,0,22,NaN,15,NaN,NaN,0,8.8,24,NaN,5.5,0,NaN,5.0,NaN,3.1,NaN,34,9,3,29.89,NaN,5,1012.14,0,72,75,76,1,24,49,3Or6HourObs,0,50,NE,0,NaN,NaN,NaN,100,19,34,29.80,NaN,93,1009,86,0.00,NaN,NaN,0.0,NaN,1,NaN,84,10.0,29,
20170331,daily,1014,26,29.95,79,NaN,NaN,NaN,0,NaN,NaN,6.2,NaN,0,23,NaN,18,NaN,NaN,0,10.0,24,NaN,6.2,0,NaN,10.0,NaN,6.2,NaN,35,12,4,29.87,NaN,7,1011.31,0,73,77,76,0,25,55,3Or6HourObs,0,125,SE,0,NaN,NaN,NaN,100,20,34,29.77,NaN,93,1008,77,0.00,NaN,NaN,0.0,NaN,0,NaN,85,10.0,30,
20170401,daily,1013,26,29.92,79,NaN,NaN,NaN,0,NaN,NaN,6.2,NaN,0,21,NaN,35,NaN,NaN,0,7.8,24,NaN,4.8,0,NaN,0.3,NaN,0.2,NaN,31,22,4,29.85,NaN,7,1010.80,0,70,69,75,1,21,52,3Or6HourObs,0,107,ESE,0,NaN,NaN,NaN,100,16,34,29.77,NaN,93,1008,87,0.00,NaN,NaN,0.0,NaN,1,NaN,81,10.0,28,
20170402,daily,1013,26,29.92,79,NaN,NaN,NaN,0,NaN,NaN,6.2,NaN,0,23,NaN,28,NaN,NaN,0,8.7,24,NaN,5.4,0,NaN,1.5,NaN,0.9,NaN,32,17,2,29.87,NaN,3,1011.17,0,73,73,76,1,23,55,3Or6HourObs,0,5,North,0,NaN,NaN,NaN,100,17,33,29.80,NaN,91,1009,91,0.00,NaN,NaN,0.0,NaN,1,NaN,82,10.0,28,
20170403,daily,1014,26,29.95,79,NaN,NaN,NaN,0,NaN,NaN,6.2,NaN,0,24,NaN,32,NaN,NaN,0,8.9,25,NaN,5.5,0,NaN,1.2,NaN,0.7,NaN,33,20,3,29.87,NaN,4,1011.50,0,75,75,77,1,24,59,3Or6HourObs,0,54,NE,0,NaN,NaN,NaN,100,18,33,29.80,NaN,91,1009,90,0.00,NaN,NaN,0.0,NaN,1,NaN,83,10.0,28,
20170404,daily,1013,28,29.92,82,NaN,NaN,NaN,0,NaN,NaN,6.2,NaN,0,23,NaN,18,NaN,NaN,0,8.3,25,NaN,5.1,0,NaN,1.5,NaN,0.9,NaN,35,12,3,29.85,NaN,5,1010.82,0,73,75,77,0,24,59,3Or6HourObs,0,69,ENE,0,NaN,NaN,NaN,100,20,35,29.77,NaN,95,1008,83,0.00,NaN,NaN,0.0,NaN,0,NaN,85,10.0,30,
20170405,daily,1011,27,29.86,81,NaN,NaN,NaN,0,NaN,NaN,6.2,NaN,0,24,NaN,33,NaN,NaN,0,9.8,25,NaN,6.1,0,NaN,8.0,NaN,5.0,NaN,34,21,6,29.81,NaN,9,1009.18,0,75,77,77,1,25,63,3Or6HourObs,0,118,ESE,0,NaN,NaN,NaN,100,19,33,29.71,NaN,91,1006,81,0.00,NaN,NaN,0.0,NaN,0,NaN,84,10.0,29,
20170406,daily,1012,26,29.89,79,NaN,NaN,NaN,0,NaN,NaN,6.2,NaN,0,24,NaN,20,NaN,NaN,0,9.6,25,NaN,6.0,0,NaN,8.0,NaN,5.0,NaN,34,13,7,29.79,NaN,12,1008.67,0,75,77,77,1,25,63,3Or6HourObs,4,104,ESE,6,NaN,NaN,NaN,100,19,33,29.71,NaN,91,1006,84,0.00,NaN,NaN,0.0,NaN,0,NaN,84,10.0,29,
20170407,daily,1011,26,29.86,79,NaN,NaN,NaN,0,NaN,NaN,6.2,NaN,0,24,NaN,22,NaN,NaN,0,10.0,25,NaN,6.2,0,NaN,10.0,NaN,6.2,NaN,36,14,8,29.79,NaN,13,1008.59,0,75,80,77,0,27,59,3Or6HourObs,6,127,SE,9,NaN,NaN,NaN,89,22,34,29.71,NaN,93,1006,78,0.00,NaN,NaN,0.0,NaN,0,NaN,86,10.0,30,
20170408,daily,1011,27,29.86,81,NaN,NaN,NaN,0,NaN,NaN,6.2,NaN,0,23,NaN,24,NaN,NaN,0,10.0,25,NaN,6.2,0,NaN,10.0,NaN,6.2,NaN,38,15,8,29.80,NaN,13,1008.98,0,73,80,77,0,27,56,3Or6HourObs,4,129,SE,6,NaN,NaN,NaN,94,22,35,29.71,NaN,95,1006,77,0.00,NaN,NaN,0.0,NaN,0,NaN,88,10.0,31,
20170409,daily,1011,27,29.86,81,NaN,NaN,NaN,0,NaN,NaN,6.2,NaN,0,24,NaN,18,NaN,NaN,0,10.0,25,NaN,6.2,0,NaN,10.0,NaN,6.2,NaN,36,12,8,29.79,NaN,12,1008.50,0,75,80,77,0,27,59,3Or6HourObs,6,142,SE,9,NaN,NaN,NaN,94,22,34,29.71,NaN,93,1006,75,0.00,NaN,NaN,0.0,NaN,0,NaN,86,10.0,30,
20170410,daily,1010,27,29.83,81,NaN,NaN,NaN,0,NaN,NaN,6.2,NaN,0,25,NaN,18,NaN,NaN,0,10.0,26,NaN,6.2,0,NaN,10.0,NaN,6.2,NaN,38,12,7,29.76,NaN,11,1007.71,0,77,80,80,0,27,59,3Or6HourObs,5,145,SE,7,NaN,NaN,NaN,100,22,35,29.68,NaN,95,1005,83,0.00,NaN,NaN,0.0,NaN,0,NaN,88,10.0,31,
20170411,daily,1010,28,29.83,82,NaN,NaN,NaN,0,NaN,NaN,6.2,NaN,0,24,NaN,15,NaN,NaN,0,10.0,26,NaN,6.2,0,NaN,10.0,NaN,6.2,NaN,36,9,5,29.75,NaN,8,1007.37,0,75,80,79,0,27,59,3Or6HourObs,0,181,South,0,NaN,NaN,NaN,100,22,34,29.68,NaN,93,1005,82,0.00,NaN,NaN,0.0,NaN,0,NaN,86,10.0,30,
20170412,daily,1010,28,29.83,82,NaN,NaN,NaN,0,NaN,NaN,6.2,NaN,0,23,NaN,17,NaN,NaN,0,10.0,26,NaN,6.2,0,NaN,10.0,NaN,6.2,NaN,38,10,6,29.77,NaN,9,1007.86,0,73,82,79,0,28,55,3Or6HourObs,2,171,South,4,NaN,NaN,NaN,100,24,35,29.68,NaN,95,1005,79,0.00,NaN,NaN,0.0,NaN,0,NaN,88,10.0,32,
20170413,daily,1013,27,29.92,81,NaN,NaN,NaN,0,NaN,NaN,6.2,NaN,0,23,NaN,20,NaN,NaN,0,10.0,25,NaN,6.2,0,NaN,10.0,NaN,6.2,NaN,38,13,6,29.84,NaN,10,1010.26,0,73,82,78,1,28,53,3Or6HourObs,2,140,SE,4,NaN,NaN,NaN,94,24,35,29.74,NaN,95,1007,76,0.00,NaN,NaN,0.0,NaN,0,NaN,88,10.0,32,
20170414,daily,1013,25,29.92,77,NaN,NaN,NaN,0,NaN,NaN,6.2,NaN,0,19,NaN,22,NaN,NaN,0,10.0,23,NaN,6.2,0,NaN,10.0,NaN,6.2,NaN,37,14,8,29.83,NaN,13,1010.06,0,66,78,73,0,26,37,3Or6HourObs,5,119,ESE,7,NaN,NaN,NaN,94,22,36,29.74,NaN,96,1007,68,0.00,NaN,NaN,0.0,NaN,0,NaN,87,10.0,31,
20170415,daily,1012,24,29.89,75,NaN,NaN,NaN,0,NaN,NaN,6.2,NaN,0,16,NaN,20,NaN,NaN,0,10.0,21,NaN,6.2,0,NaN,10.0,NaN,6.2,NaN,38,13,7,29.81,NaN,12,1009.28,0,61,80,70,0,27,30,3Or6HourObs,5,118,ESE,7,NaN,NaN,NaN,84,23,36,29.74,NaN,96,1007,60,0.00,NaN,NaN,0.0,NaN,0,NaN,88,10.0,32,
20170416,daily,1011,24,29.86,75,NaN,NaN,NaN,0,NaN,NaN,6.2,NaN,0,19,NaN,20,NaN,NaN,0,10.0,21,NaN,6.2,0,NaN,10.0,NaN,6.2,NaN,38,13,7,29.80,NaN,11,1009.13,0,66,80,71,0,27,39,3Or6HourObs,1,145,SE,2,NaN,NaN,NaN,79,22,35,29.71,NaN,95,1006,62,0.00,NaN,NaN,0.0,NaN,0,NaN,88,10.0,31,
20170417,daily,1012,24,29.89,75,NaN,NaN,NaN,0,NaN,NaN,6.2,NaN,0,21,NaN,17,NaN,NaN,0,10.0,23,NaN,6.2,0,NaN,10.0,NaN,6.2,NaN,36,10,7,29.82,NaN,11,1009.69,0,70,80,73,0,27,46,3Or6HourObs,4,149,SSE,6,NaN,NaN,NaN,84,22,34,29.74,NaN,93,1007,68,0.00,NaN,NaN,0.0,NaN,0,NaN,86,10.0,30,
20170418,daily,1011,25,29.86,77,NaN,NaN,NaN,0,NaN,NaN,6.2,NaN,0,22,NaN,18,NaN,NaN,0,10.0,24,NaN,6.2,0,NaN,8.0,NaN,5.0,NaN,36,12,5,29.81,NaN,8,1009.20,0,72,80,76,1,27,49,3Or6HourObs,1,164,SSE,2,NaN,NaN,NaN,89,22,34,29.71,NaN,93,1006,73,0.00,NaN,NaN,0.0,NaN,1,NaN,86,10.0,30,
20170419,daily,1011,25,29.86,77,NaN,NaN,NaN,0,NaN,NaN,6.2,NaN,0,21,NaN,20,NaN,NaN,0,10.0,24,NaN,6.2,0,NaN,10.0,NaN,6.2,NaN,38,13,6,29.80,NaN,9,1009.04,0,70,80,74,0,27,44,3Or6HourObs,2,207,SSW,4,NaN,NaN,NaN,89,23,36,29.71,NaN,96,1006,67,0.00,NaN,NaN,0.0,NaN,0,NaN,88,10.0,32,
20170420,daily,1012,25,29.89,77,NaN,NaN,NaN,0,NaN,NaN,6.2,NaN,0,20,NaN,17,NaN,NaN,0,10.0,24,NaN,6.2,0,NaN,10.0,NaN,6.2,NaN,39,10,7,29.80,NaN,11,1009.12,0,68,82,74,0,28,41,3Or6HourObs,2,195,SSW,4,NaN,NaN,NaN,84,24,36,29.71,NaN,96,1006,66,0.00,NaN,NaN,0.0,NaN,0,NaN,89,10.0,32,
20170421,daily,1011,26,29.86,79,NaN,NaN,NaN,0,NaN,NaN,6.2,NaN,0,20,NaN,20,NaN,NaN,0,10.0,23,NaN,6.2,0,NaN,10.0,NaN,6.2,NaN,39,13,7,29.79,NaN,12,1008.58,0,68,82,74,0,28,39,3Or6HourObs,4,220,SW,6,NaN,NaN,NaN,89,24,36,29.71,NaN,96,1006,65,0.00,NaN,NaN,0.0,NaN,0,NaN,89,10.0,32,
20170422,daily,1011,26,29.86,79,NaN,NaN,NaN,0,NaN,NaN,6.2,NaN,0,19,NaN,33,NaN,NaN,0,9.7,22,NaN,6.0,0,NaN,2.8,NaN,1.7,NaN,39,21,5,29.79,NaN,8,1008.53,0,66,80,72,1,27,35,3Or6HourObs,0,198,SSW,0,NaN,NaN,NaN,89,24,37,29.68,NaN,98,1005,65,0.00,NaN,NaN,0.0,NaN,1,NaN,89,10.0,32,
20170423,daily,1012,27,29.89,81,NaN,NaN,NaN,0,NaN,NaN,6.2,NaN,0,20,NaN,20,NaN,NaN,0,9.2,25,NaN,5.7,0,NaN,3.0,NaN,1.9,NaN,35,13,3,29.81,NaN,5,1009.44,0,68,77,77,1,25,56,3Or6HourObs,1,150,SSE,2,NaN,NaN,NaN,94,20,34,29.74,NaN,93,1007,81,0.00,NaN,NaN,0.0,NaN,1,NaN,85,10.0,30,
20170424,daily,1012,26,29.89,79,NaN,NaN,NaN,0,NaN,NaN,6.2,NaN,0,20,NaN,17,NaN,NaN,0,9.5,24,NaN,5.9,0,NaN,6.0,NaN,3.7,NaN,36,10,4,29.82,NaN,7,1009.52,0,68,78,75,0,26,44,3Or6HourObs,1,135,SE,2,NaN,NaN,NaN,94,20,34,29.74,NaN,93,1007,73,0.00,NaN,NaN,0.0,NaN,0,NaN,86,10.0,30,
20170425,daily,1011,26,29.86,79,NaN,NaN,NaN,0,NaN,NaN,6.2,NaN,0,19,NaN,26,NaN,NaN,0,9.2,24,NaN,5.7,0,NaN,3.0,NaN,1.9,NaN,37,16,4,29.81,NaN,7,1009.36,0,66,78,75,1,26,37,3Or6HourObs,0,154,SSE,0,NaN,NaN,NaN,94,22,36,29.71,NaN,96,1006,72,0.00,NaN,NaN,0.0,NaN,1,NaN,87,10.0,31,
20170426,daily,1011,26,29.86,79,NaN,NaN,NaN,0,NaN,NaN,6.2,NaN,0,20,NaN,24,NaN,NaN,0,9.5,24,NaN,5.9,0,NaN,5.0,NaN,3.1,NaN,36,15,4,29.80,NaN,7,1008.98,0,68,77,75,1,25,46,3Or6HourObs,1,131,SE,2,NaN,NaN,NaN,94,21,35,29.71,NaN,95,1006,75,0.00,NaN,NaN,0.0,NaN,0,NaN,86,10.0,30,
20170427,daily,1011,26,29.86,79,NaN,NaN,NaN,0,NaN,NaN,6.2,NaN,0,21,NaN,15,NaN,NaN,0,8.9,24,NaN,5.5,0,NaN,2.5,NaN,1.6,NaN,36,9,3,29.82,NaN,5,1009.61,0,70,78,76,1,26,46,3Or6HourObs,1,268,West,2,NaN,NaN,NaN,94,20,34,29.74,NaN,93,1007,77,0.00,NaN,NaN,0.0,NaN,0,NaN,86,10.0,30,
20170428,daily,1011,26,29.86,79,NaN,NaN,NaN,0,NaN,NaN,6.2,NaN,0,21,NaN,24,NaN,NaN,0,9.3,24,NaN,5.8,0,NaN,6.0,NaN,3.7,NaN,36,15,5,29.81,NaN,7,1009.19,0,70,78,75,0,26,46,3Or6HourObs,1,131,SE,2,NaN,NaN,NaN,94,22,35,29.71,NaN,95,1006,69,0.00,NaN,NaN,0.0,NaN,0,NaN,86,10.0,30,
20170429,daily,1013,26,29.92,79,NaN,NaN,NaN,0,NaN,NaN,6.2,NaN,0,22,NaN,22,NaN,NaN,0,9.6,24,NaN,5.9,0,NaN,4.0,NaN,2.5,NaN,33,14,4,29.85,NaN,7,1010.70,0,72,75,75,1,24,52,3Or6HourObs,0,47,NE,0,NaN,NaN,NaN,94,18,33,29.77,NaN,91,1008,75,0.00,NaN,NaN,0.0,NaN,1,NaN,83,10.0,28,
20170430,daily,1011,26,29.86,79,NaN,NaN,NaN,0,NaN,NaN,6.2,NaN,0,21,NaN,17,NaN,NaN,0,9.7,24,NaN,6.0,0,NaN,7.0,NaN,4.3,NaN,36,10,5,29.83,NaN,8,1009.89,0,70,78,76,1,26,46,3Or6HourObs,1,136,SE,2,NaN,NaN,NaN,94,20,34,29.77,NaN,93,1008,72,0.00,NaN,NaN,0.0,NaN,0,NaN,86,10.0,30,
20170501,daily,1012,26,29.89,79,NaN,NaN,NaN,0,NaN,NaN,6.2,NaN,0,21,NaN,15,NaN,NaN,0,9.9,24,NaN,6.1,0,NaN,7.0,NaN,4.3,NaN,38,9,5,29.82,NaN,8,1009.74,0,70,80,76,0,27,44,3Or6HourObs,2,143,SE,4,NaN,NaN,NaN,94,22,35,29.74,NaN,95,1007,70,0.00,NaN,NaN,0.0,NaN,0,NaN,88,10.0,31,
20170502,daily,1012,27,29.89,81,NaN,NaN,NaN,0,NaN,NaN,6.2,NaN,0,23,NaN,20,NaN,NaN,0,9.7,25,NaN,6.0,0,NaN,4.0,NaN,2.5,NaN,36,13,5,29.82,NaN,7,1009.69,0,73,78,77,1,26,49,3Or6HourObs,1,216,SW,2,NaN,NaN,NaN,94,22,35,29.74,NaN,95,1007,76,0.00,NaN,NaN,0.0,NaN,1,NaN,86,10.0,30,
20170503,daily,1012,26,29.89,79,NaN,NaN,NaN,0,NaN,NaN,6.2,NaN,0,23,NaN,13,NaN,NaN,0,10.0,25,NaN,6.2,0,NaN,8.0,NaN,5.0,NaN,38,8,5,29.81,NaN,7,1009.21,0,73,82,77,1,28,55,3Or6HourObs,1,218,SW,2,NaN,NaN,NaN,89,22,34,29.74,NaN,93,1007,73,0.00,NaN,NaN,0.0,NaN,0,NaN,88,10.0,31,
20170504,daily,1011,27,29.86,81,NaN,NaN,NaN,0,NaN,NaN,6.2,NaN,0,23,NaN,17,NaN,NaN,0,9.3,25,NaN,5.8,0,NaN,2.0,NaN,1.2,NaN,36,10,5,29.80,NaN,7,1009.04,0,73,78,76,1,26,52,3Or6HourObs,0,197,SSW,0,NaN,NaN,NaN,94,22,35,29.71,NaN,95,1006,73,0.00,NaN,NaN,0.0,NaN,1,NaN,86,10.0,30,
20170505,daily,1013,26,29.92,79,NaN,NaN,NaN,0,NaN,NaN,6.2,NaN,0,20,NaN,28,NaN,NaN,0,9.3,25,NaN,5.8,0,NaN,1.5,NaN,0.9,NaN,36,17,4,29.84,NaN,6,1010.30,0,68,78,77,1,26,55,3Or6HourObs,1,333,NNW,2,NaN,NaN,NaN,94,20,34,29.74,NaN,93,1007,78,0.00,NaN,NaN,0.0,NaN,1,NaN,86,10.0,30,
20170506,daily,1013,27,29.92,81,NaN,NaN,NaN,0,NaN,NaN,6.2,NaN,0,21,NaN,20,NaN,NaN,0,9.2,25,NaN,5.7,0,NaN,4.0,NaN,2.5,NaN,36,13,4,29.88,NaN,6,1011.52,0,70,78,77,1,26,46,3Or6HourObs,1,112,ESE,2,NaN,NaN,NaN,94,20,34,29.80,NaN,93,1009,81,0.00,NaN,NaN,0.0,NaN,1,NaN,86,10.0,30,
20170507,daily,1014,26,29.95,79,NaN,NaN,NaN,0,NaN,NaN,6.2,NaN,0,23,NaN,26,NaN,NaN,0,7.9,24,NaN,4.9,0,NaN,3.0,NaN,1.9,NaN,32,16,3,29.86,NaN,5,1011.02,0,73,77,76,1,25,70,3Or6HourObs,0,89,East,0,NaN,NaN,NaN,94,16,30,29.80,NaN,86,1009,85,0.00,NaN,NaN,0.0,NaN,1,NaN,82,10.0,28,
20170508,daily,1011,27,29.86,81,NaN,NaN,NaN,0,NaN,NaN,6.2,NaN,0,22,NaN,17,NaN,NaN,0,8.3,24,NaN,5.1,0,NaN,3.0,NaN,1.9,NaN,35,10,3,29.80,NaN,5,1009.13,0,72,77,76,1,25,49,3Or6HourObs,0,66,ENE,0,NaN,NaN,NaN,94,20,34,29.68,NaN,93,1005,79,0.00,NaN,NaN,0.0,NaN,1,NaN,85,10.0,30,
20170509,daily,1011,27,29.86,81,NaN,NaN,NaN,0,NaN,NaN,6.2,NaN,0,23,NaN,18,NaN,NaN,0,9.0,25,NaN,5.6,0,NaN,3.0,NaN,1.9,NaN,35,12,5,29.78,NaN,7,1008.29,0,73,77,77,1,25,52,3Or6HourObs,2,95,East,4,NaN,NaN,NaN,94,20,34,29.71,NaN,93,1006,83,0.00,NaN,NaN,0.0,NaN,1,NaN,85,10.0,30,
20170510,daily,1011,26,29.86,79,NaN,NaN,NaN,0,NaN,NaN,6.2,NaN,0,22,NaN,20,NaN,NaN,0,9.4,24,NaN,5.8,0,NaN,6.0,NaN,3.7,NaN,34,13,5,29.80,NaN,8,1009.10,0,72,77,75,0,25,55,3Or6HourObs,0,109,ESE,0,NaN,NaN,NaN,94,19,33,29.71,NaN,91,1006,77,0.00,NaN,NaN,0.0,NaN,0,NaN,84,10.0,29,
20170511,daily,1011,26,29.86,79,NaN,NaN,NaN,0,NaN,NaN,6.2,NaN,0,23,NaN,20,NaN,NaN,0,9.1,24,NaN,5.6,0,NaN,4.0,NaN,2.5,NaN,34,13,4,29.81,NaN,7,1009.50,0,73,78,76,1,26,55,3Or6HourObs,0,92,East,0,NaN,NaN,NaN,94,20,33,29.71,NaN,91,1006,77,0.00,NaN,NaN,0.0,NaN,0,NaN,84,10.0,30,
20170512,daily,1010,26,29.83,79,NaN,NaN,NaN,0,NaN,NaN,6.2,NaN,0,21,NaN,18,NaN,NaN,0,9.1,24,NaN,5.7,0,NaN,6.0,NaN,3.7,NaN,36,12,5,29.78,NaN,8,1008.28,0,70,77,75,0,25,44,3Or6HourObs,2,112,ESE,4,NaN,NaN,NaN,94,21,35,29.68,NaN,95,1005,72,0.00,NaN,NaN,0.0,NaN,0,NaN,86,10.0,30,
20170513,daily,1009,27,29.80,81,NaN,NaN,NaN,0,NaN,NaN,6.2,NaN,0,22,NaN,15,NaN,NaN,0,9.0,25,NaN,5.6,0,NaN,6.0,NaN,3.7,NaN,36,9,4,29.76,NaN,7,1007.69,0,72,78,77,1,26,52,3Or6HourObs,1,88,East,2,NaN,NaN,NaN,94,20,34,29.68,NaN,93,1005,80,0.00,NaN,NaN,0.0,NaN,1,NaN,86,10.0,30,
20170514,daily,1009,27,29.80,81,NaN,NaN,NaN,0,NaN,NaN,6.2,NaN,0,23,NaN,20,NaN,NaN,0,9.3,26,NaN,5.8,0,NaN,7.0,NaN,4.3,NaN,34,13,4,29.75,NaN,6,1007.31,0,73,78,78,1,26,59,3Or6HourObs,1,103,ESE,2,NaN,NaN,NaN,94,20,33,29.68,NaN,91,1005,86,0.00,NaN,NaN,0.0,NaN,1,NaN,84,10.0,30,
20170515,daily,1008,27,29.77,81,NaN,NaN,NaN,0,NaN,NaN,6.2,NaN,0,24,NaN,26,NaN,NaN,0,8.5,25,NaN,5.3,0,NaN,2.0,NaN,1.2,NaN,34,16,3,29.73,NaN,5,1006.66,0,75,78,77,1,26,59,3Or6HourObs,0,174,South,0,NaN,NaN,NaN,94,20,33,29.65,NaN,91,1004,88,0.00,NaN,NaN,0.0,NaN,1,NaN,84,10.0,30,
20170516,daily,1009,27,29.80,81,NaN,NaN,NaN,0,NaN,NaN,6.2,NaN,0,24,NaN,20,NaN,NaN,0,8.3,25,NaN,5.1,0,NaN,2.5,NaN,1.6,NaN,34,13,3,29.73,NaN,5,1006.71,0,75,78,77,1,26,59,3Or6HourObs,0,176,South,0,NaN,NaN,NaN,94,20,33,29.68,NaN,91,1005,87,0.00,NaN,NaN,0.0,NaN,1,NaN,84,10.0,30,
20170517,daily,1009,27,29.80,81,NaN,NaN,NaN,0,NaN,NaN,6.2,NaN,0,22,NaN,20,NaN,NaN,0,9.5,25,NaN,5.9,0,NaN,5.0,NaN,3.1,NaN,35,13,4,29.74,NaN,6,1007.00,0,72,77,77,1,25,52,3Or6HourObs,0,238,WSW,0,NaN,NaN,NaN,94,20,34,29.65,NaN,93,1004,79,0.00,NaN,NaN,0.0,NaN,0,NaN,85,10.0,30,
20170518,daily,1009,27,29.80,81,NaN,NaN,NaN,0,NaN,NaN,6.2,NaN,0,23,NaN,26,NaN,NaN,0,9.7,25,NaN,6.0,0,NaN,5.0,NaN,3.1,NaN,36,16,4,29.76,NaN,7,1007.53,0,73,78,78,0,26,49,3Or6HourObs,0,229,SW,0,NaN,NaN,NaN,94,22,35,29.68,NaN,95,1005,78,0.00,NaN,NaN,0.0,NaN,0,NaN,86,10.0,30,
20170519,daily,1010,27,29.83,81,NaN,NaN,NaN,0,NaN,NaN,6.2,NaN,0,24,NaN,26,NaN,NaN,0,9.5,26,NaN,5.9,0,NaN,4.0,NaN,2.5,NaN,36,16,5,29.77,NaN,8,1007.86,0,75,78,78,1,26,56,3Or6HourObs,1,235,SW,2,NaN,NaN,NaN,94,20,34,29.68,NaN,93,1005,82,0.00,NaN,NaN,0.0,NaN,1,NaN,86,10.0,30,
20170520,daily,1009,27,29.80,81,NaN,NaN,NaN,0,NaN,NaN,6.2,NaN,0,24,NaN,24,NaN,NaN,0,8.6,25,NaN,5.4,0,NaN,1.0,NaN,0.6,NaN,35,15,4,29.72,NaN,6,1006.33,0,75,77,77,1,25,56,3Or6HourObs,1,258,WSW,2,NaN,NaN,NaN,94,20,34,29.62,NaN,93,1003,82,0.00,NaN,NaN,0.0,NaN,0,NaN,85,10.0,30,
20170521,daily,1008,28,29.77,82,NaN,NaN,NaN,0,NaN,NaN,6.2,NaN,0,23,NaN,28,NaN,NaN,0,9.2,26,NaN,5.7,0,NaN,5.0,NaN,3.1,NaN,36,17,4,29.69,NaN,7,1005.34,0,73,78,79,1,26,52,3Or6HourObs,0,246,WSW,0,NaN,NaN,NaN,94,20,34,29.62,NaN,93,1003,86,0.00,NaN,NaN,0.0,NaN,0,NaN,86,10.0,30,
20170522,daily,1008,27,29.77,81,NaN,NaN,NaN,0,NaN,NaN,6.2,NaN,0,23,NaN,28,NaN,NaN,0,10.0,26,NaN,6.2,0,NaN,10.0,NaN,6.2,NaN,36,17,5,29.72,NaN,9,1006.26,0,73,78,78,0,26,53,3Or6HourObs,1,245,WSW,2,NaN,NaN,NaN,94,22,35,29.65,NaN,95,1004,82,0.00,NaN,NaN,0.0,NaN,0,NaN,86,10.0,30,
20170523,daily,1009,29,29.80,84,NaN,NaN,NaN,0,NaN,NaN,6.2,NaN,0,24,NaN,22,NaN,NaN,0,9.5,26,NaN,5.9,0,NaN,2.5,NaN,1.6,NaN,36,14,6,29.74,NaN,9,1006.89,0,75,78,80,1,26,63,3Or6HourObs,1,239,WSW,2,NaN,NaN,NaN,94,20,34,29.68,NaN,93,1005,87,0.00,NaN,NaN,0.0,NaN,1,NaN,86,10.0,30,
20170524,daily,1009,28,29.80,82,NaN,NaN,NaN,0,NaN,NaN,6.2,NaN,0,23,NaN,32,NaN,NaN,0,9.5,26,NaN,5.9,0,NaN,0.5,NaN,0.3,NaN,36,20,3,29.72,NaN,5,1006.39,0,73,78,78,1,26,52,3Or6HourObs,0,221,SW,0,NaN,NaN,NaN,94,22,35,29.62,NaN,95,1003,84,0.00,NaN,NaN,0.0,NaN,1,NaN,86,10.0,30,
20170525,daily,1008,28,29.77,82,NaN,NaN,NaN,0,NaN,NaN,6.2,NaN,0,23,NaN,32,NaN,NaN,0,8.7,26,NaN,5.4,0,NaN,4.0,NaN,2.5,NaN,36,20,4,29.73,NaN,6,1006.59,0,73,78,79,0,26,52,3Or6HourObs,0,257,WSW,0,NaN,NaN,NaN,94,20,34,29.65,NaN,93,1004,84,0.00,NaN,NaN,0.0,NaN,0,NaN,86,10.0,30,
20170526,daily,1009,27,29.80,81,NaN,NaN,NaN,0,NaN,NaN,6.2,NaN,0,25,NaN,28,NaN,NaN,0,9.0,26,NaN,5.6,0,NaN,2.5,NaN,1.6,NaN,34,17,4,29.74,NaN,6,1006.85,0,77,78,78,1,26,63,3Or6HourObs,1,250,WSW,2,NaN,NaN,NaN,94,20,33,29.68,NaN,91,1005,88,0.00,NaN,NaN,0.0,NaN,0,NaN,84,10.0,30,
20170527,daily,1008,27,29.77,81,NaN,NaN,NaN,0,NaN,NaN,6.2,NaN,0,24,NaN,20,NaN,NaN,0,8.9,26,NaN,5.5,0,NaN,6.0,NaN,3.7,NaN,36,13,5,29.73,NaN,8,1006.50,0,75,78,79,1,26,59,3Or6HourObs,0,253,WSW,0,NaN,NaN,NaN,94,20,34,29.65,NaN,93,1004,85,0.00,NaN,NaN,0.0,NaN,0,NaN,86,10.0,30,
20170528,daily,1008,28,29.77,82,NaN,NaN,NaN,0,NaN,NaN,6.2,NaN,0,24,NaN,18,NaN,NaN,0,9.9,26,NaN,6.1,0,NaN,5.0,NaN,3.1,NaN,36,12,5,29.72,NaN,7,1006.23,0,75,80,79,1,27,62,3Or6HourObs,1,236,SW,2,NaN,NaN,NaN,94,20,33,29.65,NaN,91,1004,86,0.00,NaN,NaN,0.0,NaN,1,NaN,86,10.0,30,
20170529,daily,1009,28,29.80,82,NaN,NaN,NaN,0,NaN,NaN,6.2,NaN,0,24,NaN,18,NaN,NaN,0,8.8,26,NaN,5.5,0,NaN,5.0,NaN,3.1,NaN,34,12,4,29.74,NaN,6,1007.11,0,75,78,78,1,26,59,3Or6HourObs,0,308,NW,0,NaN,NaN,NaN,94,20,33,29.68,NaN,91,1005,85,0.00,NaN,NaN,0.0,NaN,1,NaN,84,10.0,30,
20170530,daily,1009,28,29.80,82,NaN,NaN,NaN,0,NaN,NaN,6.2,NaN,0,25,NaN,17,NaN,NaN,0,8.1,26,NaN,5.0,0,NaN,5.0,NaN,3.1,NaN,32,10,3,29.78,NaN,4,1008.19,0,77,78,79,1,26,84,3Or6HourObs,0,303,WNW,0,NaN,NaN,NaN,94,17,30,29.74,NaN,86,1007,91,0.00,NaN,NaN,0.0,NaN,1,NaN,82,10.0,28,
20170531,daily,1010,29,29.83,84,NaN,NaN,NaN,0,NaN,NaN,6.2,NaN,0,24,NaN,18,NaN,NaN,0,8.0,26,NaN,5.0,0,NaN,4.0,NaN,2.5,NaN,34,12,3,29.78,NaN,5,1008.17,0,75,77,79,1,25,66,3Or6HourObs,0,208,SSW,0,NaN,NaN,NaN,94,19,33,29.68,NaN,91,1005,85,0.00,NaN,NaN,0.0,NaN,0,NaN,84,10.0,29,
20170601,daily,1009,29,29.80,84,NaN,NaN,NaN,0,NaN,NaN,6.2,NaN,0,23,NaN,17,NaN,NaN,0,9.5,26,NaN,5.9,0,NaN,8.0,NaN,5.0,NaN,36,10,5,29.76,NaN,7,1007.54,0,73,78,79,0,26,55,3Or6HourObs,0,213,SSW,0,NaN,NaN,NaN,94,20,34,29.68,NaN,93,1005,79,0.00,NaN,NaN,0.0,NaN,0,NaN,86,10.0,30,
20170602,daily,1010,28,29.83,82,NaN,NaN,NaN,0,NaN,NaN,6.2,NaN,0,25,NaN,32,NaN,NaN,0,9.7,26,NaN,6.0,0,NaN,2.0,NaN,1.2,NaN,34,20,7,29.78,NaN,11,1008.33,0,77,78,79,1,26,66,3Or6HourObs,2,247,WSW,4,NaN,NaN,NaN,94,18,32,29.71,NaN,89,1006,86,0.00,NaN,NaN,0.0,NaN,1,NaN,84,10.0,29,
20170603,daily,1010,28,29.83,82,NaN,NaN,NaN,0,NaN,NaN,6.2,NaN,0,24,NaN,30,NaN,NaN,0,9.7,26,NaN,6.0,0,NaN,8.0,NaN,5.0,NaN,36,18,6,29.78,NaN,9,1008.45,0,75,78,78,1,26,59,3Or6HourObs,0,250,WSW,0,NaN,NaN,NaN,94,20,34,29.68,NaN,93,1005,83,0.00,NaN,NaN,0.0,NaN,0,NaN,86,10.0,30,
20170604,daily,1010,28,29.83,82,NaN,NaN,NaN,0,NaN,NaN,6.2,NaN,0,24,NaN,30,NaN,NaN,0,9.6,26,NaN,5.9,0,NaN,6.0,NaN,3.7,NaN,34,18,6,29.76,NaN,9,1007.60,0,75,78,78,1,26,66,3Or6HourObs,0,238,WSW,0,NaN,NaN,NaN,94,20,33,29.71,NaN,91,1006,88,0.00,NaN,NaN,0.0,NaN,1,NaN,84,10.0,30,
20170605,daily,1009,28,29.80,82,NaN,NaN,NaN,0,NaN,NaN,6.2,NaN,0,23,NaN,24,NaN,NaN,0,9.5,26,NaN,5.9,0,NaN,2.0,NaN,1.2,NaN,31,15,6,29.75,NaN,9,1007.46,0,73,75,78,1,24,75,3Or6HourObs,0,232,SW,0,NaN,NaN,NaN,94,16,31,29.68,NaN,87,1005,88,0.00,NaN,NaN,0.0,NaN,1,NaN,81,10.0,28,
20170606,daily,1010,27,29.83,81,NaN,NaN,NaN,0,NaN,NaN,6.2,NaN,0,23,NaN,26,NaN,NaN,0,9.6,25,NaN,5.9,0,NaN,8.0,NaN,5.0,NaN,34,16,6,29.77,NaN,9,1008.11,0,73,78,77,1,26,62,3Or6HourObs,0,238,WSW,0,NaN,NaN,NaN,94,18,32,29.71,NaN,89,1006,88,0.00,NaN,NaN,0.0,NaN,0,NaN,84,10.0,29,
20170607,daily,1011,26,29.86,79,NaN,NaN,NaN,0,NaN,NaN,6.2,NaN,0,22,NaN,18,NaN,NaN,0,9.5,24,NaN,5.9,0,NaN,8.0,NaN,5.0,NaN,34,12,5,29.79,NaN,8,1008.52,0,72,77,75,1,25,55,3Or6HourObs,0,250,WSW,0,NaN,NaN,NaN,94,19,33,29.71,NaN,91,1006,78,0.00,NaN,NaN,0.0,NaN,0,NaN,84,10.0,29,
20170608,daily,1009,27,29.80,81,NaN,NaN,NaN,0,NaN,NaN,6.2,NaN,0,24,NaN,28,NaN,NaN,0,9.5,26,NaN,5.9,0,NaN,6.0,NaN,3.7,NaN,33,17,5,29.76,NaN,8,1007.71,0,75,77,78,1,25,62,3Or6HourObs,0,231,SW,0,NaN,NaN,NaN,94,18,32,29.71,NaN,89,1006,89,0.00,NaN,NaN,0.0,NaN,0,NaN,83,10.0,28,
20170609,daily,1009,28,29.80,82,NaN,NaN,NaN,0,NaN,NaN,6.2,NaN,0,22,NaN,13,NaN,NaN,0,9.7,25,NaN,6.0,0,NaN,4.5,NaN,2.8,NaN,35,8,3,29.75,NaN,6,1007.17,0,72,77,77,0,25,52,3Or6HourObs,0,242,WSW,0,NaN,NaN,NaN,94,20,34,29.65,NaN,93,1004,77,0.00,NaN,NaN,0.0,NaN,0,NaN,85,10.0,30,
20170610,daily,1010,28,29.83,82,NaN,NaN,NaN,0,NaN,NaN,6.2,NaN,0,22,NaN,32,NaN,NaN,0,8.6,25,NaN,5.4,0,NaN,1.5,NaN,0.9,NaN,31,20,5,29.78,NaN,9,1008.39,0,72,75,78,1,24,70,3Or6HourObs,0,250,WSW,0,NaN,NaN,NaN,94,16,31,29.71,NaN,87,1006,89,0.00,NaN,NaN,0.0,NaN,1,NaN,81,10.0,28,
20170611,daily,1010,29,29.83,84,NaN,NaN,NaN,0,NaN,NaN,6.2,NaN,0,23,NaN,22,NaN,NaN,0,9.2,25,NaN,5.7,0,NaN,4.0,NaN,2.5,NaN,34,14,4,29.78,NaN,6,1008.32,0,73,77,77,1,25,59,3Or6HourObs,0,273,West,0,NaN,NaN,NaN,94,19,33,29.71,NaN,91,1006,84,0.00,NaN,NaN,0.0,NaN,0,NaN,84,10.0,29,
20170612,daily,1009,27,29.80,81,NaN,NaN,NaN,0,NaN,NaN,6.2,NaN,0,21,NaN,20,NaN,NaN,0,9.8,25,NaN,6.1,0,NaN,8.0,NaN,5.0,NaN,36,13,6,29.77,NaN,9,1007.89,0,70,78,76,0,26,46,3Or6HourObs,1,271,West,2,NaN,NaN,NaN,94,22,35,29.71,NaN,95,1006,74,0.00,NaN,NaN,0.0,NaN,0,NaN,86,10.0,30,
20170613,daily,1010,27,29.83,81,NaN,NaN,NaN,0,NaN,NaN,6.2,NaN,0,23,NaN,17,NaN,NaN,0,9.7,26,NaN,6.0,0,NaN,7.0,NaN,4.3,NaN,34,10,5,29.77,NaN,8,1007.93,0,73,78,78,1,26,59,3Or6HourObs,1,266,West,2,NaN,NaN,NaN,94,20,33,29.71,NaN,91,1006,80,0.00,NaN,NaN,0.0,NaN,1,NaN,84,10.0,30,
20170614,daily,1011,28,29.86,82,NaN,NaN,NaN,0,NaN,NaN,6.2,NaN,0,24,NaN,20,NaN,NaN,0,8.8,26,NaN,5.4,0,NaN,4.0,NaN,2.5,NaN,34,13,6,29.81,NaN,9,1009.42,0,75,78,78,1,26,62,3Or6HourObs,1,213,SSW,2,NaN,NaN,NaN,94,18,32,29.77,NaN,89,1008,87,0.00,NaN,NaN,0.0,NaN,0,NaN,84,10.0,29,
20170615,daily,1011,28,29.86,82,NaN,NaN,NaN,0,NaN,NaN,6.2,NaN,0,22,NaN,15,NaN,NaN,0,9.8,24,NaN,6.1,0,NaN,8.0,NaN,5.0,NaN,35,9,5,29.81,NaN,8,1009.28,0,72,77,76,0,25,49,3Or6HourObs,1,272,West,2,NaN,NaN,NaN,94,20,34,29.74,NaN,93,1007,75,0.00,NaN,NaN,0.0,NaN,0,NaN,85,10.0,30,
20170616,daily,1010,29,29.83,84,NaN,NaN,NaN,0,NaN,NaN,6.2,NaN,0,21,NaN,13,NaN,NaN,0,9.3,24,NaN,5.7,0,NaN,7.0,NaN,4.3,NaN,38,8,5,29.76,NaN,8,1007.78,0,70,80,76,0,27,44,3Or6HourObs,2,266,West,4,NaN,NaN,NaN,94,23,36,29.68,NaN,96,1005,70,0.00,NaN,NaN,0.0,NaN,0,NaN,88,10.0,32,
20170617,daily,1009,28,29.80,82,NaN,NaN,NaN,0,NaN,NaN,6.2,NaN,0,23,NaN,20,NaN,NaN,0,9.1,26,NaN,5.6,0,NaN,7.0,NaN,4.3,NaN,36,13,6,29.73,NaN,10,1006.55,0,73,80,78,0,27,55,3Or6HourObs,2,223,SW,4,NaN,NaN,NaN,94,22,34,29.65,NaN,93,1004,79,0.00,NaN,NaN,0.0,NaN,1,NaN,86,10.0,30,
20170618,daily,1008,28,29.77,82,NaN,NaN,NaN,0,NaN,NaN,6.2,NaN,0,22,NaN,33,NaN,NaN,0,9.5,26,NaN,5.9,0,NaN,5.0,NaN,3.1,NaN,36,21,7,29.73,NaN,10,1006.51,0,72,80,78,1,27,52,3Or6HourObs,1,214,SW,2,NaN,NaN,NaN,94,20,33,29.65,NaN,91,1004,84,0.00,NaN,NaN,0.0,NaN,1,NaN,86,10.0,30,
20170619,daily,1009,28,29.80,82,NaN,NaN,NaN,0,NaN,NaN,6.2,NaN,0,22,NaN,18,NaN,NaN,0,10.0,25,NaN,6.2,0,NaN,10.0,NaN,6.2,NaN,36,12,6,29.74,NaN,10,1006.84,0,72,78,76,0,26,49,3Or6HourObs,2,258,WSW,4,NaN,NaN,NaN,94,20,34,29.65,NaN,93,1004,74,0.00,NaN,NaN,0.0,NaN,0,NaN,86,10.0,30,
20170620,daily,1009,28,29.80,82,NaN,NaN,NaN,0,NaN,NaN,6.2,NaN,0,21,NaN,22,NaN,NaN,0,9.9,25,NaN,6.1,0,NaN,8.0,NaN,5.0,NaN,36,14,8,29.74,NaN,13,1006.85,0,70,80,77,0,27,49,3Or6HourObs,4,248,WSW,6,NaN,NaN,NaN,94,22,34,29.68,NaN,93,1005,76,0.00,NaN,NaN,0.0,NaN,0,NaN,86,10.0,30,
20170621,daily,1010,28,29.83,82,NaN,NaN,NaN,0,NaN,NaN,6.2,NaN,0,21,NaN,22,NaN,NaN,0,8.9,25,NaN,5.6,0,NaN,0.7,NaN,0.4,NaN,35,14,5,29.74,NaN,9,1006.91,0,70,77,77,1,25,55,3Or6HourObs,0,265,West,0,NaN,NaN,NaN,94,20,34,29.65,NaN,93,1004,84,0.00,NaN,NaN,0.0,NaN,1,NaN,85,10.0,30,
20170622,daily,1009,28,29.80,82,NaN,NaN,NaN,0,NaN,NaN,6.2,NaN,0,23,NaN,32,NaN,NaN,0,8.4,25,NaN,5.2,0,NaN,3.0,NaN,1.9,NaN,33,20,4,29.75,NaN,7,1007.40,0,73,77,77,1,25,62,3Or6HourObs,0,284,WNW,0,NaN,NaN,NaN,94,18,32,29.68,NaN,89,1005,88,0.00,NaN,NaN,0.0,NaN,0,NaN,83,10.0,28,
20170623,daily,1008,27,29.77,81,NaN,NaN,NaN,0,NaN,NaN,6.2,NaN,0,23,NaN,26,NaN,NaN,0,9.3,25,NaN,5.8,0,NaN,6.0,NaN,3.7,NaN,32,16,4,29.73,NaN,6,1006.79,0,73,77,77,1,25,66,3Or6HourObs,0,289,WNW,0,NaN,NaN,NaN,94,17,31,29.65,NaN,87,1004,88,0.00,NaN,NaN,0.0,NaN,0,NaN,82,10.0,28,
20170624,daily,1009,26,29.80,79,NaN,NaN,NaN,0,NaN,NaN,6.2,NaN,0,22,NaN,18,NaN,NaN,0,9.2,24,NaN,5.7,0,NaN,5.0,NaN,3.1,NaN,34,12,4,29.70,NaN,6,1005.72,0,72,77,75,1,25,55,3Or6HourObs,0,254,WSW,0,NaN,NaN,NaN,94,19,33,29.62,NaN,91,1003,80,0.00,NaN,NaN,0.0,NaN,1,NaN,84,10.0,29,
20170625,daily,1009,27,29.80,81,NaN,NaN,NaN,0,NaN,NaN,6.2,NaN,0,22,NaN,24,NaN,NaN,0,9.3,24,NaN,5.8,0,NaN,6.0,NaN,3.7,NaN,32,15,6,29.74,NaN,9,1006.93,0,72,77,76,0,25,62,3Or6HourObs,0,263,West,0,NaN,NaN,NaN,94,17,31,29.68,NaN,87,1005,84,0.00,NaN,NaN,0.0,NaN,0,NaN,82,10.0,28,
20170626,daily,1009,28,29.80,82,NaN,NaN,NaN,0,NaN,NaN,6.2,NaN,0,2,NaN,20,NaN,NaN,0,9.1,25,NaN,5.7,0,NaN,0.6,NaN,0.4,NaN,34,13,5,29.75,NaN,8,1007.42,0,36,77,76,1,25,14,3Or6HourObs,0,264,West,0,NaN,NaN,NaN,94,19,33,29.68,NaN,91,1005,87,0.00,NaN,NaN,0.0,NaN,0,NaN,84,10.0,29,
20170627,daily,1009,27,29.80,81,NaN,NaN,NaN,0,NaN,NaN,6.2,NaN,0,21,NaN,20,NaN,NaN,0,8.7,25,NaN,5.4,0,NaN,0.5,NaN,0.3,NaN,34,13,3,29.76,NaN,5,1007.71,0,70,77,77,1,25,49,3Or6HourObs,0,213,SSW,0,NaN,NaN,NaN,94,19,33,29.68,NaN,91,1005,85,0.00,NaN,NaN,0.0,NaN,1,NaN,84,10.0,29,
20170628,daily,1010,28,29.83,82,NaN,NaN,NaN,0,NaN,NaN,6.2,NaN,0,23,NaN,20,NaN,NaN,0,9.8,26,NaN,6.1,0,NaN,8.0,NaN,5.0,NaN,36,13,5,29.78,NaN,9,1008.25,0,73,80,78,0,27,59,3Or6HourObs,2,191,South,4,NaN,NaN,NaN,94,20,33,29.71,NaN,91,1006,84,0.00,NaN,NaN,0.0,NaN,0,NaN,86,10.0,30,
20170629,daily,1010,27,29.83,81,NaN,NaN,NaN,0,NaN,NaN,6.2,NaN,0,22,NaN,24,NaN,NaN,0,9.8,25,NaN,6.1,0,NaN,8.0,NaN,5.0,NaN,35,15,4,29.77,NaN,7,1007.98,0,72,77,77,1,25,52,3Or6HourObs,1,208,SSW,2,NaN,NaN,NaN,94,20,34,29.68,NaN,93,1005,80,0.00,NaN,NaN,0.0,NaN,0,NaN,85,10.0,30,
20170630,daily,1009,27,29.80,81,NaN,NaN,NaN,0,NaN,NaN,6.2,NaN,0,21,NaN,22,NaN,NaN,0,9.4,25,NaN,5.8,0,NaN,5.0,NaN,3.1,NaN,35,14,5,29.76,NaN,9,1007.67,0,70,77,76,1,25,49,3Or6HourObs,1,221,SW,2,NaN,NaN,NaN,94,20,34,29.68,NaN,93,1005,81,0.00,NaN,NaN,0.0,NaN,0,NaN,85,10.0,30,
20170701,daily,1010,28,29.83,82,NaN,NaN,NaN,0,NaN,NaN,6.2,NaN,0,21,NaN,30,NaN,NaN,0,9.3,25,NaN,5.8,0,NaN,7.0,NaN,4.3,NaN,34,18,5,29.76,NaN,7,1007.57,0,70,75,76,1,24,49,3Or6HourObs,0,223,SW,0,NaN,NaN,NaN,94,19,34,29.68,NaN,93,1005,78,0.00,NaN,NaN,0.0,NaN,1,NaN,84,10.0,29,
20170702,daily,1010,28,29.83,82,NaN,NaN,NaN,0,NaN,NaN,6.2,NaN,0,23,NaN,17,NaN,NaN,0,9.4,25,NaN,5.8,0,NaN,8.0,NaN,5.0,NaN,34,10,4,29.77,NaN,7,1007.93,0,73,77,77,1,25,55,3Or6HourObs,1,276,West,2,NaN,NaN,NaN,94,19,33,29.68,NaN,91,1005,81,0.00,NaN,NaN,0.0,NaN,0,NaN,84,10.0,29,
20170703,daily,1010,26,29.83,79,NaN,NaN,NaN,0,NaN,NaN,6.2,NaN,0,22,NaN,20,NaN,NaN,0,9.8,25,NaN,6.1,0,NaN,8.0,NaN,5.0,NaN,35,13,5,29.76,NaN,8,1007.70,0,72,77,76,1,25,52,3Or6HourObs,1,279,West,2,NaN,NaN,NaN,94,20,34,29.68,NaN,93,1005,80,0.00,NaN,NaN,0.0,NaN,0,NaN,85,10.0,30,
20170704,daily,1010,28,29.83,82,NaN,NaN,NaN,0,NaN,NaN,6.2,NaN,0,22,NaN,17,NaN,NaN,0,9.5,25,NaN,5.9,0,NaN,4.0,NaN,2.5,NaN,34,10,7,29.76,NaN,11,1007.81,0,72,75,76,1,24,49,3Or6HourObs,1,265,West,2,NaN,NaN,NaN,94,19,34,29.68,NaN,93,1005,80,0.00,NaN,NaN,0.0,NaN,1,NaN,84,10.0,29,
20170705,daily,1010,27,29.83,81,NaN,NaN,NaN,0,NaN,NaN,6.2,NaN,0,23,NaN,17,NaN,NaN,0,8.7,25,NaN,5.4,0,NaN,5.0,NaN,3.1,NaN,33,10,3,29.79,NaN,4,1008.74,0,73,77,76,1,25,59,3Or6HourObs,0,254,WSW,0,NaN,NaN,NaN,94,18,32,29.74,NaN,89,1007,86,0.00,NaN,NaN,0.0,NaN,1,NaN,83,10.0,28,
20170706,daily,1010,27,29.83,81,NaN,NaN,NaN,0,NaN,NaN,6.2,NaN,0,22,NaN,22,NaN,NaN,0,8.6,25,NaN,5.4,0,NaN,4.0,NaN,2.5,NaN,33,14,4,29.79,NaN,7,1008.63,0,72,77,77,1,25,62,3Or6HourObs,0,251,WSW,0,NaN,NaN,NaN,94,18,32,29.74,NaN,89,1007,87,0.00,NaN,NaN,0.0,NaN,0,NaN,83,10.0,28,
20170707,daily,1012,27,29.89,81,NaN,NaN,NaN,0,NaN,NaN,6.2,NaN,0,21,NaN,30,NaN,NaN,0,9.2,25,NaN,5.7,0,NaN,6.0,NaN,3.7,NaN,33,18,3,29.80,NaN,5,1009.02,0,70,77,77,1,25,52,3Or6HourObs,0,238,WSW,0,NaN,NaN,NaN,94,18,32,29.74,NaN,89,1007,86,0.00,NaN,NaN,0.0,NaN,1,NaN,83,10.0,28,
20170708,daily,1011,27,29.86,81,NaN,NaN,NaN,0,NaN,NaN,6.2,NaN,0,22,NaN,20,NaN,NaN,0,9.7,24,NaN,6.0,0,NaN,8.0,NaN,5.0,NaN,34,13,4,29.81,NaN,7,1009.17,0,72,77,76,0,25,52,3Or6HourObs,0,256,WSW,0,NaN,NaN,NaN,94,19,33,29.71,NaN,91,1006,76,0.00,NaN,NaN,0.0,NaN,0,NaN,84,10.0,29,
20170709,daily,1011,28,29.86,82,NaN,NaN,NaN,0,NaN,NaN,6.2,NaN,0,19,NaN,17,NaN,NaN,0,9.8,24,NaN,6.1,0,NaN,8.0,NaN,5.0,NaN,36,10,5,29.80,NaN,9,1009.02,0,66,78,75,1,26,43,3Or6HourObs,0,270,West,0,NaN,NaN,NaN,94,20,34,29.71,NaN,93,1006,75,0.00,NaN,NaN,0.0,NaN,1,NaN,86,10.0,30,
20170710,daily,1010,27,29.83,81,NaN,NaN,NaN,0,NaN,NaN,6.2,NaN,0,21,NaN,20,NaN,NaN,0,9.0,24,NaN,5.6,0,NaN,6.0,NaN,3.7,NaN,36,13,5,29.77,NaN,8,1007.98,0,70,78,75,1,26,49,3Or6HourObs,1,271,West,2,NaN,NaN,NaN,94,20,34,29.68,NaN,93,1005,75,0.00,NaN,NaN,0.0,NaN,0,NaN,86,10.0,30,
20170711,daily,1010,27,29.83,81,NaN,NaN,NaN,0,NaN,NaN,6.2,NaN,0,22,NaN,20,NaN,NaN,0,9.9,24,NaN,6.1,0,NaN,8.0,NaN,5.0,NaN,34,13,5,29.75,NaN,8,1007.47,0,72,77,76,0,25,55,3Or6HourObs,1,273,West,2,NaN,NaN,NaN,94,19,33,29.68,NaN,91,1005,80,0.00,NaN,NaN,0.0,NaN,0,NaN,84,10.0,29,
20170712,daily,1010,28,29.83,82,NaN,NaN,NaN,0,NaN,NaN,6.2,NaN,0,22,NaN,22,NaN,NaN,0,9.5,25,NaN,5.9,0,NaN,6.0,NaN,3.7,NaN,34,14,8,29.78,NaN,12,1008.29,0,72,80,77,1,27,58,3Or6HourObs,5,241,WSW,7,NaN,NaN,NaN,94,18,31,29.71,NaN,87,1006,82,0.00,NaN,NaN,0.0,NaN,0,NaN,84,10.0,29,
20170713,daily,1010,26,29.83,79,NaN,NaN,NaN,0,NaN,NaN,6.2,NaN,0,22,NaN,24,NaN,NaN,0,9.6,24,NaN,6.0,0,NaN,6.0,NaN,3.7,NaN,31,15,7,29.77,NaN,11,1008.04,0,72,75,76,1,24,62,3Or6HourObs,2,267,West,4,NaN,NaN,NaN,94,16,31,29.68,NaN,87,1005,81,0.00,NaN,NaN,0.0,NaN,1,NaN,81,10.0,28,
20170714,daily,1009,27,29.80,81,NaN,NaN,NaN,0,NaN,NaN,6.2,NaN,0,20,NaN,30,NaN,NaN,0,9.8,23,NaN,6.1,0,NaN,7.0,NaN,4.3,NaN,32,18,7,29.76,NaN,12,1007.59,0,68,75,74,1,24,52,3Or6HourObs,0,261,West,0,NaN,NaN,NaN,94,17,32,29.68,NaN,89,1005,77,0.00,NaN,NaN,0.0,NaN,0,NaN,82,10.0,28,
20170715,daily,1008,26,29.77,79,NaN,NaN,NaN,0,NaN,NaN,6.2,NaN,0,21,NaN,35,NaN,NaN,0,10.0,24,NaN,6.2,0,NaN,8.0,NaN,5.0,NaN,33,22,12,29.73,NaN,19,1006.60,0,70,77,75,0,25,55,3Or6HourObs,7,262,West,11,NaN,NaN,NaN,94,18,32,29.65,NaN,89,1004,80,0.00,NaN,NaN,0.0,NaN,0,NaN,83,10.0,28,
20170716,daily,1008,27,29.77,81,NaN,NaN,NaN,0,NaN,NaN,6.2,NaN,0,24,NaN,30,NaN,NaN,0,9.3,25,NaN,5.8,0,NaN,5.0,NaN,3.1,NaN,32,18,9,29.69,NaN,15,1005.18,0,75,77,77,1,25,70,3Or6HourObs,5,245,WSW,7,NaN,NaN,NaN,94,17,31,29.62,NaN,87,1003,90,0.00,NaN,NaN,0.0,NaN,1,NaN,82,10.0,28,
20170717,daily,1010,26,29.83,79,NaN,NaN,NaN,0,NaN,NaN,6.2,NaN,0,23,NaN,30,NaN,NaN,0,8.5,24,NaN,5.3,0,NaN,4.0,NaN,2.5,NaN,31,18,7,29.75,NaN,11,1007.25,0,73,75,75,1,24,66,3Or6HourObs,1,252,WSW,2,NaN,NaN,NaN,94,16,31,29.65,NaN,87,1004,90,0.00,NaN,NaN,0.0,NaN,1,NaN,81,10.0,28,
20170718,daily,1012,27,29.89,81,NaN,NaN,NaN,0,NaN,NaN,6.2,NaN,0,23,NaN,26,NaN,NaN,0,7.9,24,NaN,4.9,0,NaN,2.0,NaN,1.2,NaN,33,16,3,29.81,NaN,5,1009.44,0,73,75,75,1,24,59,3Or6HourObs,1,249,WSW,2,NaN,NaN,NaN,94,18,33,29.77,NaN,91,1008,87,0.00,NaN,NaN,0.0,NaN,0,NaN,83,10.0,28,
20170719,daily,1011,27,29.86,81,NaN,NaN,NaN,0,NaN,NaN,6.2,NaN,0,23,NaN,22,NaN,NaN,0,7.6,24,NaN,4.7,0,NaN,0.7,NaN,0.4,NaN,32,14,4,29.78,NaN,6,1008.49,0,73,75,76,1,24,62,3Or6HourObs,0,289,WNW,0,NaN,NaN,NaN,94,17,32,29.68,NaN,89,1005,88,0.00,NaN,NaN,0.0,NaN,1,NaN,82,10.0,28,
20170720,daily,1010,27,29.83,81,NaN,NaN,NaN,0,NaN,NaN,6.2,NaN,0,23,NaN,26,NaN,NaN,0,7.6,24,NaN,4.7,0,NaN,3.0,NaN,1.9,NaN,32,16,4,29.75,NaN,6,1007.28,0,73,75,75,1,24,66,3Or6HourObs,0,257,WSW,0,NaN,NaN,NaN,94,17,32,29.68,NaN,89,1005,91,0.00,NaN,NaN,0.0,NaN,1,NaN,82,10.0,28,
20170721,daily,1011,27,29.86,81,NaN,NaN,NaN,0,NaN,NaN,6.2,NaN,0,22,NaN,17,NaN,NaN,0,9.7,24,NaN,6.0,0,NaN,6.0,NaN,3.7,NaN,30,10,5,29.78,NaN,8,1008.32,0,72,75,75,0,24,62,3Or6HourObs,1,261,West,2,NaN,NaN,NaN,94,16,30,29.71,NaN,86,1006,84,0.00,NaN,NaN,0.0,NaN,0,NaN,80,10.0,27,
20170722,daily,1010,27,29.83,81,NaN,NaN,NaN,0,NaN,NaN,6.2,NaN,0,23,NaN,26,NaN,NaN,0,9.6,25,NaN,6.0,0,NaN,8.0,NaN,5.0,NaN,33,16,7,29.79,NaN,12,1008.73,0,73,77,77,1,25,59,3Or6HourObs,2,251,WSW,4,NaN,NaN,NaN,94,18,32,29.71,NaN,89,1006,83,0.00,NaN,NaN,0.0,NaN,0,NaN,83,10.0,28,
20170723,daily,1010,28,29.83,82,NaN,NaN,NaN,0,NaN,NaN,6.2,NaN,0,23,NaN,26,NaN,NaN,0,8.8,25,NaN,5.5,0,NaN,4.0,NaN,2.5,NaN,33,16,7,29.76,NaN,11,1007.60,0,73,77,77,1,25,59,3Or6HourObs,2,263,West,4,NaN,NaN,NaN,94,18,32,29.68,NaN,89,1005,84,0.00,NaN,NaN,0.0,NaN,0,NaN,83,10.0,28,
20170724,daily,1008,29,29.77,84,NaN,NaN,NaN,0,NaN,NaN,6.2,NaN,0,23,NaN,33,NaN,NaN,0,8.6,26,NaN,5.3,0,NaN,5.0,NaN,3.1,NaN,32,21,9,29.71,NaN,14,1005.94,0,73,78,78,1,26,66,3Or6HourObs,5,256,WSW,7,NaN,NaN,NaN,94,18,31,29.65,NaN,87,1004,87,0.00,NaN,NaN,0.0,NaN,0,NaN,82,10.0,28,
20170725,daily,1006,27,29.71,81,NaN,NaN,NaN,0,NaN,NaN,6.2,NaN,0,24,NaN,33,NaN,NaN,0,9.5,25,NaN,5.9,0,NaN,3.0,NaN,1.9,NaN,30,21,10,29.67,NaN,16,1004.76,0,75,77,78,1,25,89,3Or6HourObs,6,247,WSW,9,NaN,NaN,NaN,94,16,29,29.62,NaN,84,1003,92,0.00,NaN,NaN,0.0,NaN,0,NaN,80,10.0,27,
20170726,daily,1008,28,29.77,82,NaN,NaN,NaN,0,NaN,NaN,6.2,NaN,0,23,NaN,33,NaN,NaN,0,9.2,25,NaN,5.7,0,NaN,5.0,NaN,3.1,NaN,31,21,10,29.68,NaN,16,1004.91,0,73,75,76,1,24,66,3Or6HourObs,2,249,WSW,4,NaN,NaN,NaN,94,16,31,29.62,NaN,87,1003,89,0.00,NaN,NaN,0.0,NaN,0,NaN,81,10.0,28,
20170727,daily,1008,28,29.77,82,NaN,NaN,NaN,0,NaN,NaN,6.2,NaN,0,23,NaN,35,NaN,NaN,0,9.5,25,NaN,5.9,0,NaN,2.0,NaN,1.2,NaN,31,22,10,29.72,NaN,16,1006.46,0,73,75,77,1,24,66,3Or6HourObs,6,241,WSW,9,NaN,NaN,NaN,94,16,31,29.65,NaN,87,1004,88,0.00,NaN,NaN,0.0,NaN,0,NaN,81,10.0,28,
20170728,daily,1009,28,29.80,82,NaN,NaN,NaN,0,NaN,NaN,6.2,NaN,0,24,NaN,30,NaN,NaN,0,10.0,26,NaN,6.2,0,NaN,8.0,NaN,5.0,NaN,34,18,11,29.76,NaN,17,1007.53,0,75,78,79,1,26,70,3Or6HourObs,7,238,WSW,11,NaN,NaN,NaN,94,18,32,29.71,NaN,89,1006,88,0.00,NaN,NaN,0.0,NaN,1,NaN,84,10.0,29,
20170729,daily,1009,29,29.80,84,NaN,NaN,NaN,0,NaN,NaN,6.2,NaN,0,24,NaN,32,NaN,NaN,0,9.6,26,NaN,5.9,0,NaN,6.0,NaN,3.7,NaN,36,20,10,29.75,NaN,16,1007.45,0,75,80,79,1,27,63,3Or6HourObs,6,246,WSW,9,NaN,NaN,NaN,94,20,33,29.68,NaN,91,1005,85,0.00,NaN,NaN,0.0,NaN,0,NaN,86,10.0,30,
20170730,daily,1008,29,29.77,84,NaN,NaN,NaN,0,NaN,NaN,6.2,NaN,0,25,NaN,37,NaN,NaN,0,9.6,26,NaN,6.0,0,NaN,6.0,NaN,3.7,NaN,34,23,11,29.72,NaN,17,1006.30,0,77,78,80,1,26,63,3Or6HourObs,8,241,WSW,13,NaN,NaN,NaN,94,20,33,29.65,NaN,91,1004,86,0.00,NaN,NaN,0.0,NaN,0,NaN,84,10.0,30,
20170731,daily,1008,29,29.77,84,NaN,NaN,NaN,0,NaN,NaN,6.2,NaN,0,25,NaN,30,NaN,NaN,0,9.4,26,NaN,5.9,0,NaN,7.0,NaN,4.3,NaN,36,18,10,29.73,NaN,15,1006.74,0,77,80,79,1,27,66,3Or6HourObs,6,243,WSW,9,NaN,NaN,NaN,94,20,33,29.68,NaN,91,1005,90,0.00,NaN,NaN,0.0,NaN,0,NaN,86,10.0,30,
20170801,daily,1010,29,29.83,84,NaN,NaN,NaN,0,NaN,NaN,6.2,NaN,0,25,NaN,32,NaN,NaN,0,9.6,26,NaN,6.0,0,NaN,7.0,NaN,4.3,NaN,36,20,10,29.77,NaN,16,1008.02,0,77,78,80,1,26,66,3Or6HourObs,4,244,WSW,6,NaN,NaN,NaN,94,20,33,29.71,NaN,91,1006,87,0.00,NaN,NaN,0.0,NaN,0,NaN,86,10.0,30,
20170802,daily,1009,29,29.80,84,NaN,NaN,NaN,0,NaN,NaN,6.2,NaN,0,24,NaN,30,NaN,NaN,0,8.8,26,NaN,5.4,0,NaN,0.8,NaN,0.5,NaN,34,18,9,29.75,NaN,14,1007.42,0,75,77,78,1,25,66,3Or6HourObs,6,237,WSW,9,NaN,NaN,NaN,94,19,33,29.68,NaN,91,1005,88,0.00,NaN,NaN,0.0,NaN,0,NaN,84,10.0,29,
20170803,daily,1008,30,29.77,86,NaN,NaN,NaN,0,NaN,NaN,6.2,NaN,0,25,NaN,35,NaN,NaN,0,9.2,27,NaN,5.7,0,NaN,5.0,NaN,3.1,NaN,34,22,9,29.70,NaN,15,1005.73,0,77,80,80,1,27,75,3Or6HourObs,2,237,WSW,4,NaN,NaN,NaN,100,20,32,29.62,NaN,89,1003,90,0.00,NaN,NaN,0.0,NaN,0,NaN,84,10.0,30,
20170804,daily,1008,30,29.77,86,NaN,NaN,NaN,0,NaN,NaN,6.2,NaN,0,23,NaN,26,NaN,NaN,0,9.2,25,NaN,5.7,0,NaN,2.0,NaN,1.2,NaN,34,16,8,29.70,NaN,13,1005.56,0,73,78,77,1,26,59,3Or6HourObs,4,232,SW,6,NaN,NaN,NaN,100,18,32,29.65,NaN,89,1004,86,0.00,NaN,NaN,0.0,NaN,0,NaN,84,10.0,29,
20170805,daily,1010,24,29.83,75,NaN,NaN,NaN,0,NaN,NaN,6.2,NaN,0,22,NaN,20,NaN,NaN,0,8.7,23,NaN,5.4,0,NaN,3.0,NaN,1.9,NaN,30,13,6,29.74,NaN,9,1007.02,0,72,77,74,1,25,74,3Or6HourObs,0,224,SW,0,NaN,NaN,NaN,89,14,28,29.68,NaN,82,1005,85,0.00,NaN,NaN,0.0,NaN,0,NaN,80,10.0,26,
20170806,daily,1010,26,29.83,79,NaN,NaN,NaN,0,NaN,NaN,6.2,NaN,0,23,NaN,22,NaN,NaN,0,9.0,25,NaN,5.6,0,NaN,5.0,NaN,3.1,NaN,34,14,3,29.78,NaN,5,1008.20,0,73,77,76,1,25,59,3Or6HourObs,0,216,SW,0,NaN,NaN,NaN,100,19,33,29.71,NaN,91,1006,83,0.00,NaN,NaN,0.0,NaN,0,NaN,84,10.0,29,
20170807,daily,1010,26,29.83,79,NaN,NaN,NaN,0,NaN,NaN,6.2,NaN,0,22,NaN,17,NaN,NaN,0,9.5,24,NaN,5.9,0,NaN,5.0,NaN,3.1,NaN,35,10,4,29.79,NaN,7,1008.61,0,72,77,76,0,25,49,3Or6HourObs,0,269,West,0,NaN,NaN,NaN,100,20,34,29.71,NaN,93,1006,75,0.00,NaN,NaN,0.0,NaN,0,NaN,85,10.0,30,
20170808,daily,1010,26,29.83,79,NaN,NaN,NaN,0,NaN,NaN,6.2,NaN,0,23,NaN,26,NaN,NaN,0,9.0,25,NaN,5.6,0,NaN,4.0,NaN,2.5,NaN,36,16,6,29.80,NaN,9,1008.87,0,73,80,77,1,27,59,3Or6HourObs,1,240,WSW,2,NaN,NaN,NaN,94,22,34,29.71,NaN,93,1006,79,0.00,NaN,NaN,0.0,NaN,1,NaN,86,10.0,30,
20170809,daily,1011,26,29.86,79,NaN,NaN,NaN,0,NaN,NaN,6.2,NaN,0,22,NaN,17,NaN,NaN,0,8.3,24,NaN,5.1,0,NaN,1.5,NaN,0.9,NaN,35,10,4,29.80,NaN,7,1009.13,0,72,77,76,1,25,52,3Or6HourObs,0,244,WSW,0,NaN,NaN,NaN,94,20,34,29.74,NaN,93,1007,81,0.00,NaN,NaN,0.0,NaN,1,NaN,85,10.0,30,
20170810,daily,1010,26,29.83,79,NaN,NaN,NaN,0,NaN,NaN,6.2,NaN,0,23,NaN,26,NaN,NaN,0,8.6,24,NaN,5.4,0,NaN,5.0,NaN,3.1,NaN,34,16,3,29.78,NaN,5,1008.24,0,73,75,76,1,24,63,3Or6HourObs,0,226,SW,0,NaN,NaN,NaN,94,19,34,29.71,NaN,93,1006,83,0.00,NaN,NaN,0.0,NaN,1,NaN,84,10.0,29,
20170811,daily,1010,26,29.83,79,NaN,NaN,NaN,0,NaN,NaN,6.2,NaN,0,23,NaN,24,NaN,NaN,0,9.2,25,NaN,5.7,0,NaN,4.0,NaN,2.5,NaN,34,15,4,29.77,NaN,6,1008.06,0,73,78,77,1,26,62,3Or6HourObs,1,233,SW,2,NaN,NaN,NaN,94,20,33,29.68,NaN,91,1005,82,0.00,NaN,NaN,0.0,NaN,0,NaN,84,10.0,30,
20170812,daily,1010,27,29.83,81,NaN,NaN,NaN,0,NaN,NaN,6.2,NaN,0,23,NaN,30,NaN,NaN,0,8.6,25,NaN,5.3,0,NaN,1.5,NaN,0.9,NaN,36,18,3,29.78,NaN,4,1008.19,0,73,78,77,1,26,63,3Or6HourObs,0,226,SW,0,NaN,NaN,NaN,94,20,34,29.68,NaN,93,1005,81,0.00,NaN,NaN,0.0,NaN,1,NaN,86,10.0,30,
20170813,daily,1010,26,29.83,79,NaN,NaN,NaN,0,NaN,NaN,6.2,NaN,0,23,NaN,28,NaN,NaN,0,9.7,25,NaN,6.0,0,NaN,5.0,NaN,3.1,NaN,36,17,4,29.79,NaN,6,1008.72,0,73,78,76,1,26,52,3Or6HourObs,0,226,SW,0,NaN,NaN,NaN,94,22,35,29.71,NaN,95,1006,78,0.00,NaN,NaN,0.0,NaN,0,NaN,86,10.0,30,
20170814,daily,1010,27,29.83,81,NaN,NaN,NaN,0,NaN,NaN,6.2,NaN,0,23,NaN,22,NaN,NaN,0,9.1,25,NaN,5.6,0,NaN,2.0,NaN,1.2,NaN,34,14,4,29.79,NaN,6,1008.77,0,73,78,76,1,26,59,3Or6HourObs,0,221,SW,0,NaN,NaN,NaN,94,20,33,29.71,NaN,91,1006,82,0.00,NaN,NaN,0.0,NaN,1,NaN,84,10.0,30,
20170815,daily,1010,26,29.83,79,NaN,NaN,NaN,0,NaN,NaN,6.2,NaN,0,24,NaN,22,NaN,NaN,0,9.6,25,NaN,5.9,0,NaN,8.0,NaN,5.0,NaN,34,14,6,29.77,NaN,9,1008.02,0,75,78,77,1,26,62,3Or6HourObs,0,221,SW,0,NaN,NaN,NaN,94,20,33,29.68,NaN,91,1005,85,0.00,NaN,NaN,0.0,NaN,0,NaN,84,10.0,30,
20170816,daily,1009,26,29.80,79,NaN,NaN,NaN,0,NaN,NaN,6.2,NaN,0,24,NaN,17,NaN,NaN,0,9.9,25,NaN,6.1,0,NaN,8.0,NaN,5.0,NaN,34,10,6,29.73,NaN,9,1006.76,0,75,78,76,1,26,66,3Or6HourObs,1,248,WSW,2,NaN,NaN,NaN,94,18,32,29.65,NaN,89,1004,83,0.00,NaN,NaN,0.0,NaN,0,NaN,84,10.0,29,
20170817,daily,1008,25,29.77,77,NaN,NaN,NaN,0,NaN,NaN,6.2,NaN,0,23,NaN,20,NaN,NaN,0,9.4,24,NaN,5.8,0,NaN,7.0,NaN,4.3,NaN,32,13,7,29.71,NaN,11,1006.13,0,73,77,75,1,25,70,3Or6HourObs,1,245,WSW,2,NaN,NaN,NaN,94,16,30,29.65,NaN,86,1004,84,0.00,NaN,NaN,0.0,NaN,0,NaN,82,10.0,28,
20170818,daily,1009,25,29.80,77,NaN,NaN,NaN,0,NaN,NaN,6.2,NaN,0,23,NaN,24,NaN,NaN,0,8.7,24,NaN,5.4,0,NaN,7.0,NaN,4.3,NaN,30,15,6,29.74,NaN,10,1006.89,0,73,75,75,1,24,66,3Or6HourObs,1,273,West,2,NaN,NaN,NaN,100,16,30,29.68,NaN,86,1005,87,0.00,NaN,NaN,0.0,NaN,0,NaN,80,10.0,27,
20170819,daily,1009,25,29.80,77,NaN,NaN,NaN,0,NaN,NaN,6.2,NaN,0,23,NaN,20,NaN,NaN,0,9.4,24,NaN,5.8,0,NaN,8.0,NaN,5.0,NaN,33,13,3,29.75,NaN,5,1007.39,0,73,75,75,0,24,59,3Or6HourObs,0,252,WSW,0,NaN,NaN,NaN,100,18,33,29.68,NaN,91,1005,82,0.00,NaN,NaN,0.0,NaN,0,NaN,83,10.0,28,
20170820,daily,1009,25,29.80,77,NaN,NaN,NaN,0,NaN,NaN,6.2,NaN,0,24,NaN,28,NaN,NaN,0,9.9,24,NaN,6.1,0,NaN,8.0,NaN,5.0,NaN,34,17,6,29.74,NaN,10,1006.98,0,75,77,76,0,25,62,3Or6HourObs,1,244,WSW,2,NaN,NaN,NaN,94,19,33,29.65,NaN,91,1004,81,0.00,NaN,NaN,0.0,NaN,0,NaN,84,10.0,29,
20170821,daily,1008,25,29.77,77,NaN,NaN,NaN,0,NaN,NaN,6.2,NaN,0,22,NaN,20,NaN,NaN,0,9.8,24,NaN,6.1,0,NaN,8.0,NaN,5.0,NaN,34,13,5,29.71,NaN,8,1005.84,0,72,77,75,0,25,55,3Or6HourObs,1,264,West,2,NaN,NaN,NaN,94,19,33,29.62,NaN,91,1003,79,0.00,NaN,NaN,0.0,NaN,0,NaN,84,10.0,29,
20170822,daily,1008,26,29.77,79,NaN,NaN,NaN,0,NaN,NaN,6.2,NaN,0,23,NaN,26,NaN,NaN,0,9.1,25,NaN,5.6,0,NaN,1.0,NaN,0.6,NaN,34,16,8,29.70,NaN,13,1005.50,0,73,75,76,1,24,55,3Or6HourObs,1,264,West,2,NaN,NaN,NaN,100,19,34,29.62,NaN,93,1003,82,0.00,NaN,NaN,0.0,NaN,1,NaN,84,10.0,29,
20170823,daily,1008,26,29.77,79,NaN,NaN,NaN,0,NaN,NaN,6.2,NaN,0,24,NaN,37,NaN,NaN,0,9.0,25,NaN,5.6,0,NaN,4.0,NaN,2.5,NaN,34,23,8,29.72,NaN,12,1006.18,0,75,78,77,1,26,70,3Or6HourObs,2,232,SW,4,NaN,NaN,NaN,100,18,32,29.68,NaN,89,1005,89,0.00,NaN,NaN,0.0,NaN,0,NaN,84,10.0,29,
20170824,daily,1009,25,29.80,77,NaN,NaN,NaN,0,NaN,NaN,6.2,NaN,0,23,NaN,20,NaN,NaN,0,9.5,24,NaN,5.9,0,NaN,2.0,NaN,1.2,NaN,33,13,6,29.73,NaN,10,1006.72,0,73,75,76,1,24,59,3Or6HourObs,0,248,WSW,0,NaN,NaN,NaN,100,18,33,29.65,NaN,91,1004,80,0.00,NaN,NaN,0.0,NaN,0,NaN,83,10.0,28,
20170825,daily,1008,26,29.77,79,NaN,NaN,NaN,0,NaN,NaN,6.2,NaN,0,23,NaN,32,NaN,NaN,0,9.3,25,NaN,5.8,0,NaN,1.0,NaN,0.6,NaN,33,20,8,29.72,NaN,12,1006.37,0,73,75,77,1,24,55,3Or6HourObs,4,258,WSW,6,NaN,NaN,NaN,100,18,33,29.62,NaN,91,1003,82,0.00,NaN,NaN,0.0,NaN,1,NaN,83,10.0,28,
20170826,daily,1007,26,29.74,79,NaN,NaN,NaN,0,NaN,NaN,6.2,NaN,0,23,NaN,22,NaN,NaN,0,8.5,24,NaN,5.3,0,NaN,3.0,NaN,1.9,NaN,31,14,4,29.67,NaN,7,1004.71,0,73,73,75,1,23,62,3Or6HourObs,0,272,West,0,NaN,NaN,NaN,100,16,32,29.59,NaN,89,1002,87,0.00,NaN,NaN,0.0,NaN,1,NaN,81,10.0,28,
20170827,daily,1008,25,29.77,77,NaN,NaN,NaN,0,NaN,NaN,6.2,NaN,0,23,NaN,26,NaN,NaN,0,9.5,24,NaN,5.9,0,NaN,8.0,NaN,5.0,NaN,33,16,8,29.69,NaN,13,1005.44,0,73,77,76,1,25,62,3Or6HourObs,5,232,SW,7,NaN,NaN,NaN,100,18,32,29.62,NaN,89,1003,82,0.00,NaN,NaN,0.0,NaN,0,NaN,83,10.0,28,
20170828,daily,1009,25,29.80,77,NaN,NaN,NaN,0,NaN,NaN,6.2,NaN,0,23,NaN,20,NaN,NaN,0,9.3,24,NaN,5.8,0,NaN,8.0,NaN,5.0,NaN,34,13,6,29.75,NaN,10,1007.27,0,73,78,75,1,26,55,3Or6HourObs,2,223,SW,4,NaN,NaN,NaN,89,20,33,29.68,NaN,91,1005,79,0.00,NaN,NaN,0.0,NaN,1,NaN,84,10.0,30,
20170829,daily,1009,25,29.80,77,NaN,NaN,NaN,0,NaN,NaN,6.2,NaN,0,23,NaN,15,NaN,NaN,0,9.7,24,NaN,6.0,0,NaN,8.0,NaN,5.0,NaN,34,9,5,29.76,NaN,8,1007.74,0,73,77,75,0,25,55,3Or6HourObs,0,265,West,0,NaN,NaN,NaN,94,19,33,29.71,NaN,91,1006,75,0.00,NaN,NaN,0.0,NaN,0,NaN,84,10.0,29,
20170830,daily,1011,26,29.86,79,NaN,NaN,NaN,0,NaN,NaN,6.2,NaN,0,23,NaN,22,NaN,NaN,0,7.7,24,NaN,4.8,0,NaN,4.0,NaN,2.5,NaN,34,14,4,29.77,NaN,6,1007.96,0,73,77,76,1,25,59,3Or6HourObs,0,241,WSW,0,NaN,NaN,NaN,94,19,33,29.68,NaN,91,1005,81,0.00,NaN,NaN,0.0,NaN,1,NaN,84,10.0,29,
20170831,daily,1010,26,29.83,79,NaN,NaN,NaN,0,NaN,NaN,6.2,NaN,0,23,NaN,17,NaN,NaN,0,7.9,25,NaN,4.9,0,NaN,5.0,NaN,3.1,NaN,35,10,4,29.78,NaN,7,1008.26,0,73,77,76,0,25,55,3Or6HourObs,0,288,WNW,0,NaN,NaN,NaN,100,20,34,29.68,NaN,93,1005,77,0.00,NaN,NaN,0.0,NaN,0,NaN,85,10.0,30,
20170901,daily,1010,27,29.83,81,NaN,NaN,NaN,0,NaN,NaN,6.2,NaN,0,23,NaN,20,NaN,NaN,0,8.6,25,NaN,5.3,0,NaN,6.0,NaN,3.7,NaN,33,13,5,29.78,NaN,7,1008.42,0,73,77,77,1,25,70,3Or6HourObs,0,251,WSW,0,NaN,NaN,NaN,94,18,32,29.71,NaN,89,1006,84,0.00,NaN,NaN,0.0,NaN,1,NaN,83,10.0,28,
20170902,daily,1009,26,29.80,79,NaN,NaN,NaN,0,NaN,NaN,6.2,NaN,0,24,NaN,20,NaN,NaN,0,9.0,25,NaN,5.6,0,NaN,4.0,NaN,2.5,NaN,36,13,4,29.76,NaN,7,1007.67,0,75,78,77,0,26,56,3Or6HourObs,0,272,West,0,NaN,NaN,NaN,94,20,34,29.68,NaN,93,1005,79,0.00,NaN,NaN,0.0,NaN,0,NaN,86,10.0,30,
20170903,daily,1009,27,29.80,81,NaN,NaN,NaN,0,NaN,NaN,6.2,NaN,0,22,NaN,20,NaN,NaN,0,9.4,25,NaN,5.8,0,NaN,7.0,NaN,4.3,NaN,36,13,5,29.75,NaN,8,1007.36,0,72,80,77,0,27,49,3Or6HourObs,2,231,SW,4,NaN,NaN,NaN,94,22,34,29.68,NaN,93,1005,76,0.00,NaN,NaN,0.0,NaN,1,NaN,86,10.0,30,
20170904,daily,1010,27,29.83,81,NaN,NaN,NaN,0,NaN,NaN,6.2,NaN,0,24,NaN,18,NaN,NaN,0,9.6,25,NaN,6.0,0,NaN,6.0,NaN,3.7,NaN,36,12,7,29.76,NaN,12,1007.70,0,75,78,77,1,26,53,3Or6HourObs,0,237,WSW,0,NaN,NaN,NaN,94,22,35,29.68,NaN,95,1005,79,0.00,NaN,NaN,0.0,NaN,1,NaN,86,10.0,30,
20170905,daily,1010,26,29.83,79,NaN,NaN,NaN,0,NaN,NaN,6.2,NaN,0,22,NaN,35,NaN,NaN,0,9.0,25,NaN,5.6,0,NaN,2.5,NaN,1.6,NaN,36,22,5,29.78,NaN,8,1008.18,0,72,77,77,1,25,49,3Or6HourObs,2,244,WSW,4,NaN,NaN,NaN,94,21,35,29.68,NaN,95,1005,79,0.00,NaN,NaN,0.0,NaN,1,NaN,86,10.0,30,
20170906,daily,1010,27,29.83,81,NaN,NaN,NaN,0,NaN,NaN,6.2,NaN,0,24,NaN,15,NaN,NaN,0,9.3,25,NaN,5.8,0,NaN,6.0,NaN,3.7,NaN,36,9,5,29.77,NaN,8,1008.09,0,75,78,77,1,26,56,3Or6HourObs,2,221,SW,4,NaN,NaN,NaN,94,20,34,29.71,NaN,93,1006,77,0.00,NaN,NaN,0.0,NaN,0,NaN,86,10.0,30,
20170907,daily,1010,26,29.83,79,NaN,NaN,NaN,0,NaN,NaN,6.2,NaN,0,23,NaN,17,NaN,NaN,0,9.1,25,NaN,5.6,0,NaN,8.0,NaN,5.0,NaN,36,10,5,29.78,NaN,8,1008.43,0,73,80,76,1,27,56,3Or6HourObs,1,244,WSW,2,NaN,NaN,NaN,94,22,34,29.68,NaN,93,1005,75,0.00,NaN,NaN,0.0,NaN,0,NaN,86,10.0,30,
20170908,daily,1011,26,29.86,79,NaN,NaN,NaN,0,NaN,NaN,6.2,NaN,0,24,NaN,17,NaN,NaN,0,8.1,25,NaN,5.0,0,NaN,6.0,NaN,3.7,NaN,36,10,3,29.78,NaN,4,1008.34,0,75,80,77,1,27,56,3Or6HourObs,0,192,SSW,0,NaN,NaN,NaN,94,22,34,29.68,NaN,93,1005,76,0.00,NaN,NaN,0.0,NaN,0,NaN,86,10.0,30,
20170909,daily,1010,26,29.83,79,NaN,NaN,NaN,0,NaN,NaN,6.2,NaN,0,23,NaN,18,NaN,NaN,0,8.9,25,NaN,5.5,0,NaN,4.0,NaN,2.5,NaN,36,12,3,29.77,NaN,6,1007.87,0,73,78,77,0,26,56,3Or6HourObs,0,179,South,0,NaN,NaN,NaN,94,20,34,29.68,NaN,93,1005,76,0.00,NaN,NaN,0.0,NaN,0,NaN,86,10.0,30,
20170910,daily,1010,26,29.83,79,NaN,NaN,NaN,0,NaN,NaN,6.2,NaN,0,21,NaN,39,NaN,NaN,0,8.8,24,NaN,5.5,0,NaN,2.0,NaN,1.2,NaN,35,24,4,29.79,NaN,7,1008.53,0,70,77,75,1,25,55,3Or6HourObs,0,24,NNE,0,NaN,NaN,NaN,94,20,34,29.68,NaN,93,1005,79,0.00,NaN,NaN,0.0,NaN,1,NaN,85,10.0,30,
20170911,daily,1011,26,29.86,79,NaN,NaN,NaN,0,NaN,NaN,6.2,NaN,0,23,NaN,33,NaN,NaN,0,8.1,24,NaN,5.1,0,NaN,5.0,NaN,3.1,NaN,34,21,3,29.80,NaN,5,1008.95,0,73,77,76,1,25,59,3Or6HourObs,0,240,WSW,0,NaN,NaN,NaN,100,19,33,29.71,NaN,91,1006,82,0.00,NaN,NaN,0.0,NaN,1,NaN,84,10.0,29,
20170912,daily,1011,26,29.86,79,NaN,NaN,NaN,0,NaN,NaN,6.2,NaN,0,23,NaN,11,NaN,NaN,0,9.3,25,NaN,5.7,0,NaN,7.0,NaN,4.3,NaN,34,7,3,29.80,NaN,5,1009.00,0,73,77,77,0,25,55,3Or6HourObs,0,314,NW,0,NaN,NaN,NaN,100,19,33,29.71,NaN,91,1006,79,0.00,NaN,NaN,0.0,NaN,0,NaN,84,10.0,29,
20170913,daily,1010,27,29.83,81,NaN,NaN,NaN,0,NaN,NaN,6.2,NaN,0,24,NaN,20,NaN,NaN,0,9.3,26,NaN,5.8,0,NaN,8.0,NaN,5.0,NaN,36,13,5,29.74,NaN,8,1007.00,0,75,80,78,0,27,56,3Or6HourObs,0,295,WNW,0,NaN,NaN,NaN,94,22,34,29.65,NaN,93,1004,77,0.00,NaN,NaN,0.0,NaN,1,NaN,86,10.0,30,
20170914,daily,1008,26,29.77,79,NaN,NaN,NaN,0,NaN,NaN,6.2,NaN,0,22,NaN,37,NaN,NaN,0,8.7,25,NaN,5.4,0,NaN,1.5,NaN,0.9,NaN,30,23,6,29.69,NaN,10,1005.20,0,72,71,77,1,22,66,3Or6HourObs,1,259,West,2,NaN,NaN,NaN,100,15,32,29.59,NaN,89,1002,86,0.00,NaN,NaN,0.0,NaN,1,NaN,80,10.0,27,
20170915,daily,1008,27,29.77,81,NaN,NaN,NaN,0,NaN,NaN,6.2,NaN,0,24,NaN,26,NaN,NaN,0,9.5,26,NaN,5.9,0,NaN,8.0,NaN,5.0,NaN,36,16,9,29.68,NaN,14,1005.06,0,75,80,78,0,27,59,3Or6HourObs,6,208,SSW,9,NaN,NaN,NaN,94,20,33,29.59,NaN,91,1002,83,0.00,NaN,NaN,0.0,NaN,0,NaN,86,10.0,30,
20170916,daily,1011,27,29.86,81,NaN,NaN,NaN,0,NaN,NaN,6.2,NaN,0,25,NaN,17,NaN,NaN,0,9.0,26,NaN,5.6,0,NaN,6.0,NaN,3.7,NaN,32,10,6,29.78,NaN,9,1008.32,0,77,78,78,1,26,74,3Or6HourObs,1,157,SSE,2,NaN,NaN,NaN,100,18,31,29.71,NaN,87,1006,88,0.00,NaN,NaN,0.0,NaN,0,NaN,82,10.0,28,
20170917,daily,1013,27,29.92,81,NaN,NaN,NaN,0,NaN,NaN,6.2,NaN,0,24,NaN,20,NaN,NaN,0,9.2,25,NaN,5.7,0,NaN,4.0,NaN,2.5,NaN,34,13,4,29.85,NaN,6,1010.61,0,75,77,78,0,25,62,3Or6HourObs,1,291,WNW,2,NaN,NaN,NaN,100,19,33,29.77,NaN,91,1008,85,0.00,NaN,NaN,0.0,NaN,1,NaN,84,10.0,29,
20170918,daily,1014,27,29.95,81,NaN,NaN,NaN,0,NaN,NaN,6.2,NaN,0,23,NaN,24,NaN,NaN,0,8.8,25,NaN,5.4,0,NaN,0.6,NaN,0.4,NaN,33,15,6,29.82,NaN,9,1009.66,0,73,73,77,1,23,59,3Or6HourObs,0,312,NW,0,NaN,NaN,NaN,100,18,34,29.71,NaN,93,1006,83,0.00,NaN,NaN,0.0,NaN,1,NaN,83,10.0,28,
20170919,daily,1011,27,29.86,81,NaN,NaN,NaN,0,NaN,NaN,6.2,NaN,0,23,NaN,32,NaN,NaN,0,8.9,24,NaN,5.5,0,NaN,1.0,NaN,0.6,NaN,32,20,4,29.78,NaN,7,1008.36,0,73,73,76,1,23,59,3Or6HourObs,1,307,NW,2,NaN,NaN,NaN,100,17,33,29.68,NaN,91,1005,85,0.00,NaN,NaN,0.0,NaN,1,NaN,82,10.0,28,
20170920,daily,1009,28,29.80,82,NaN,NaN,NaN,0,NaN,NaN,6.2,NaN,0,24,NaN,26,NaN,NaN,0,8.5,25,NaN,5.3,0,NaN,5.0,NaN,3.1,NaN,32,16,3,29.75,NaN,4,1007.25,0,75,77,78,1,25,70,3Or6HourObs,0,289,WNW,0,NaN,NaN,NaN,100,17,31,29.68,NaN,87,1005,93,0.00,NaN,NaN,0.0,NaN,1,NaN,82,10.0,28,
20170921,daily,1008,27,29.77,81,NaN,NaN,NaN,0,NaN,NaN,6.2,NaN,0,24,NaN,17,NaN,NaN,0,6.1,26,NaN,3.8,0,NaN,1.0,NaN,0.6,NaN,32,10,3,29.72,NaN,5,1006.44,0,75,77,78,1,25,70,3Or6HourObs,0,266,West,0,NaN,NaN,NaN,100,16,30,29.65,NaN,86,1004,93,0.00,NaN,NaN,0.0,NaN,1,NaN,82,10.0,28,
20170922,daily,1009,26,29.80,79,NaN,NaN,NaN,0,NaN,NaN,6.2,NaN,0,24,NaN,30,NaN,NaN,0,8.2,25,NaN,5.1,0,NaN,5.0,NaN,3.1,NaN,32,18,2,29.75,NaN,4,1007.39,0,75,77,77,1,25,66,3Or6HourObs,1,228,SW,2,NaN,NaN,NaN,100,17,31,29.71,NaN,87,1006,92,0.00,NaN,NaN,0.0,NaN,0,NaN,82,10.0,28,
20170923,daily,1010,27,29.83,81,NaN,NaN,NaN,0,NaN,NaN,6.2,NaN,0,25,NaN,18,NaN,NaN,0,9.4,25,NaN,5.8,0,NaN,6.0,NaN,3.7,NaN,32,12,5,29.77,NaN,8,1008.11,0,77,77,78,1,25,74,3Or6HourObs,1,215,SW,2,NaN,NaN,NaN,100,17,31,29.71,NaN,87,1006,89,0.00,NaN,NaN,0.0,NaN,0,NaN,82,10.0,28,
20170924,daily,1009,27,29.80,81,NaN,NaN,NaN,0,NaN,NaN,6.2,NaN,0,25,NaN,20,NaN,NaN,0,9.7,25,NaN,6.0,0,NaN,5.0,NaN,3.1,NaN,32,13,7,29.75,NaN,12,1007.43,0,77,78,78,1,26,70,3Or6HourObs,6,232,SW,9,NaN,NaN,NaN,100,18,31,29.68,NaN,87,1005,92,0.00,NaN,NaN,0.0,NaN,0,NaN,82,10.0,28,
20170925,daily,1010,26,29.83,79,NaN,NaN,NaN,0,NaN,NaN,6.2,NaN,0,23,NaN,32,NaN,NaN,0,9.9,25,NaN,6.1,0,NaN,8.0,NaN,5.0,NaN,32,20,8,29.75,NaN,13,1007.34,0,73,77,77,0,25,62,3Or6HourObs,5,241,WSW,7,NaN,NaN,NaN,100,17,31,29.68,NaN,87,1005,85,0.00,NaN,NaN,0.0,NaN,0,NaN,82,10.0,28,
20170926,daily,1010,26,29.83,79,NaN,NaN,NaN,0,NaN,NaN,6.2,NaN,0,25,NaN,18,NaN,NaN,0,10.0,25,NaN,6.2,0,NaN,10.0,NaN,6.2,NaN,35,12,5,29.77,NaN,7,1008.07,0,77,77,78,0,25,59,3Or6HourObs,0,263,West,0,NaN,NaN,NaN,100,20,34,29.71,NaN,93,1006,81,0.00,NaN,NaN,0.0,NaN,1,NaN,85,10.0,30,
20170927,daily,1010,27,29.83,81,NaN,NaN,NaN,0,NaN,NaN,6.2,NaN,0,25,NaN,15,NaN,NaN,0,8.8,26,NaN,5.5,0,NaN,6.0,NaN,3.7,NaN,34,9,3,29.78,NaN,5,1008.29,0,77,78,79,1,26,63,3Or6HourObs,0,289,WNW,0,NaN,NaN,NaN,100,20,33,29.68,NaN,91,1005,87,0.00,NaN,NaN,0.0,NaN,1,NaN,84,10.0,30,
20170928,daily,1009,26,29.80,79,NaN,NaN,NaN,0,NaN,NaN,6.2,NaN,0,23,NaN,13,NaN,NaN,0,9.2,25,NaN,5.7,0,NaN,2.0,NaN,1.2,NaN,32,8,3,29.76,NaN,6,1007.71,0,73,73,78,1,23,62,3Or6HourObs,0,321,NW,0,NaN,NaN,NaN,100,17,33,29.68,NaN,91,1005,88,0.00,NaN,NaN,0.0,NaN,1,NaN,82,10.0,28,
20170929,daily,1011,27,29.86,81,NaN,NaN,NaN,0,NaN,NaN,6.2,NaN,0,23,NaN,18,NaN,NaN,0,8.2,26,NaN,5.1,0,NaN,1.8,NaN,1.1,NaN,35,12,3,29.78,NaN,5,1008.26,0,73,77,78,0,25,55,3Or6HourObs,1,154,SSE,2,NaN,NaN,NaN,100,20,34,29.71,NaN,93,1006,83,0.00,NaN,NaN,0.0,NaN,0,NaN,85,10.0,30,
20170930,daily,1012,27,29.89,81,NaN,NaN,NaN,0,NaN,NaN,6.2,NaN,0,23,NaN,30,NaN,NaN,0,8.4,25,NaN,5.2,0,NaN,1.0,NaN,0.6,NaN,32,18,4,29.82,NaN,7,1009.82,0,73,75,78,1,24,66,3Or6HourObs,0,227,SW,0,NaN,NaN,NaN,100,17,32,29.74,NaN,89,1007,86,0.00,NaN,NaN,0.0,NaN,1,NaN,82,10.0,28,
20171001,daily,1011,27,29.86,81,NaN,NaN,NaN,0,NaN,NaN,6.2,NaN,0,23,NaN,28,NaN,NaN,0,8.4,25,NaN,5.2,0,NaN,4.0,NaN,2.5,NaN,32,17,4,29.79,NaN,7,1008.51,0,73,73,77,1,23,63,3Or6HourObs,1,302,WNW,2,NaN,NaN,NaN,100,17,33,29.68,NaN,91,1005,88,0.00,NaN,NaN,0.0,NaN,1,NaN,82,10.0,28,
20171002,daily,1010,26,29.83,79,NaN,NaN,NaN,0,NaN,NaN,6.2,NaN,0,23,NaN,20,NaN,NaN,0,7.8,25,NaN,4.8,0,NaN,1.2,NaN,0.7,NaN,26,13,4,29.76,NaN,6,1007.71,0,73,73,77,1,23,89,3Or6HourObs,0,240,WSW,0,NaN,NaN,NaN,100,12,27,29.68,NaN,80,1005,98,0.00,NaN,NaN,0.0,NaN,1,NaN,76,10.0,25,
20171003,daily,1010,26,29.83,79,NaN,NaN,NaN,0,NaN,NaN,6.2,NaN,0,24,NaN,32,NaN,NaN,0,9.4,25,NaN,5.8,0,NaN,3.0,NaN,1.9,NaN,30,20,5,29.78,NaN,7,1008.17,0,75,77,77,1,25,79,3Or6HourObs,0,180,South,0,NaN,NaN,NaN,100,16,29,29.71,NaN,84,1006,95,0.00,NaN,NaN,0.0,NaN,0,NaN,80,10.0,27,
20171004,daily,1012,26,29.89,79,NaN,NaN,NaN,0,NaN,NaN,6.2,NaN,0,24,NaN,22,NaN,NaN,0,8.7,25,NaN,5.4,0,NaN,1.5,NaN,0.9,NaN,33,14,4,29.81,NaN,7,1009.20,0,75,75,77,1,24,62,3Or6HourObs,0,168,SSE,0,NaN,NaN,NaN,100,18,33,29.74,NaN,91,1007,87,0.00,NaN,NaN,0.0,NaN,1,NaN,83,10.0,28,
20171005,daily,1011,26,29.86,79,NaN,NaN,NaN,0,NaN,NaN,6.2,NaN,0,24,NaN,20,NaN,NaN,0,8.5,25,NaN,5.3,0,NaN,2.0,NaN,1.2,NaN,35,13,3,29.79,NaN,5,1008.70,0,75,77,78,1,25,59,3Or6HourObs,0,355,North,0,NaN,NaN,NaN,100,20,34,29.71,NaN,93,1006,85,0.00,NaN,NaN,0.0,NaN,0,NaN,85,10.0,30,
20171006,daily,1011,27,29.86,81,NaN,NaN,NaN,0,NaN,NaN,6.2,NaN,0,24,NaN,17,NaN,NaN,0,9.0,25,NaN,5.6,0,NaN,5.0,NaN,3.1,NaN,32,10,5,29.78,NaN,8,1008.23,0,75,75,78,1,24,70,3Or6HourObs,1,229,SW,2,NaN,NaN,NaN,100,17,32,29.68,NaN,89,1005,85,0.00,NaN,NaN,0.0,NaN,1,NaN,82,10.0,28,
20171007,daily,1010,27,29.83,81,NaN,NaN,NaN,0,NaN,NaN,6.2,NaN,0,24,NaN,18,NaN,NaN,0,7.5,26,NaN,4.7,0,NaN,3.0,NaN,1.9,NaN,34,12,3,29.76,NaN,4,1007.69,0,75,77,78,1,25,59,3Or6HourObs,0,40,NE,0,NaN,NaN,NaN,100,19,33,29.68,NaN,91,1005,91,0.00,NaN,NaN,0.0,NaN,1,NaN,84,10.0,29,
20171008,daily,1008,27,29.77,81,NaN,NaN,NaN,0,NaN,NaN,6.2,NaN,0,24,NaN,13,NaN,NaN,0,9.2,26,NaN,5.7,0,NaN,8.0,NaN,5.0,NaN,34,8,3,29.72,NaN,5,1006.46,0,75,77,79,1,25,59,3Or6HourObs,1,133,SE,2,NaN,NaN,NaN,100,19,33,29.65,NaN,91,1004,85,0.00,NaN,NaN,0.0,NaN,1,NaN,84,10.0,29,
20171009,daily,1008,27,29.77,81,NaN,NaN,NaN,0,NaN,NaN,6.2,NaN,0,25,NaN,15,NaN,NaN,0,8.6,26,NaN,5.4,0,NaN,4.0,NaN,2.5,NaN,33,9,4,29.68,NaN,6,1005.16,0,77,77,79,1,25,66,3Or6HourObs,1,295,WNW,2,NaN,NaN,NaN,100,18,32,29.59,NaN,89,1002,88,0.00,NaN,NaN,0.0,NaN,0,NaN,83,10.0,28,
20171010,daily,1007,27,29.74,81,NaN,NaN,NaN,0,NaN,NaN,6.2,NaN,0,24,NaN,17,NaN,NaN,0,8.4,26,NaN,5.2,0,NaN,3.0,NaN,1.9,NaN,36,10,3,29.67,NaN,4,1004.72,0,75,78,79,0,26,59,3Or6HourObs,0,158,SSE,0,NaN,NaN,NaN,100,20,34,29.59,NaN,93,1002,84,0.00,NaN,NaN,0.0,NaN,0,NaN,86,10.0,30,
